arquitetura,bytes,clientes,repeticao,cliente,tempo_s,verificacao_s,inicio_offset_ns,sha256
bittorrent,500000000,1,1,1,78.133877,0.643818,742202,bcab9b7e1b66e1e2ecf07d5ad8cda1503db641d77245c601a86b1102904eb869
bittorrent,500000000,1,2,1,102.869424,0.631551,545424,bcab9b7e1b66e1e2ecf07d5ad8cda1503db641d77245c601a86b1102904eb869
bittorrent,500000000,1,3,1,103.430754,0.628477,124937,bcab9b7e1b66e1e2ecf07d5ad8cda1503db641d77245c601a86b1102904eb869
bittorrent,500000000,2,1,1,63.625572,0.661671,17362,bcab9b7e1b66e1e2ecf07d5ad8cda1503db641d77245c601a86b1102904eb869
bittorrent,500000000,2,1,2,59.697397,0.621263,26889,bcab9b7e1b66e1e2ecf07d5ad8cda1503db641d77245c601a86b1102904eb869
bittorrent,500000000,2,2,1,59.609033,0.621222,353484,bcab9b7e1b66e1e2ecf07d5ad8cda1503db641d77245c601a86b1102904eb869
bittorrent,500000000,2,2,2,59.709745,0.625719,139743,bcab9b7e1b66e1e2ecf07d5ad8cda1503db641d77245c601a86b1102904eb869
bittorrent,500000000,2,3,1,60.836282,0.640798,422282,bcab9b7e1b66e1e2ecf07d5ad8cda1503db641d77245c601a86b1102904eb869
bittorrent,500000000,2,3,2,60.936864,0.674291,422353,bcab9b7e1b66e1e2ecf07d5ad8cda1503db641d77245c601a86b1102904eb869
bittorrent,500000000,4,1,1,44.197923,0.602020,17503,bcab9b7e1b66e1e2ecf07d5ad8cda1503db641d77245c601a86b1102904eb869
bittorrent,500000000,4,1,2,44.709211,0.597420,149862,bcab9b7e1b66e1e2ecf07d5ad8cda1503db641d77245c601a86b1102904eb869
bittorrent,500000000,4,1,3,44.709326,0.590743,129414,bcab9b7e1b66e1e2ecf07d5ad8cda1503db641d77245c601a86b1102904eb869
bittorrent,500000000,4,1,4,45.754472,0.601723,46768,bcab9b7e1b66e1e2ecf07d5ad8cda1503db641d77245c601a86b1102904eb869
bittorrent,500000000,4,2,1,48.541223,0.646531,265838,bcab9b7e1b66e1e2ecf07d5ad8cda1503db641d77245c601a86b1102904eb869
bittorrent,500000000,4,2,2,44.288733,0.628703,271779,bcab9b7e1b66e1e2ecf07d5ad8cda1503db641d77245c601a86b1102904eb869
bittorrent,500000000,4,2,3,48.440850,0.628011,8896,bcab9b7e1b66e1e2ecf07d5ad8cda1503db641d77245c601a86b1102904eb869
bittorrent,500000000,4,2,4,45.202036,0.599707,50855,bcab9b7e1b66e1e2ecf07d5ad8cda1503db641d77245c601a86b1102904eb869
bittorrent,500000000,4,3,1,49.255417,0.616051,12924,bcab9b7e1b66e1e2ecf07d5ad8cda1503db641d77245c601a86b1102904eb869
bittorrent,500000000,4,3,2,54.757752,0.633107,19706,bcab9b7e1b66e1e2ecf07d5ad8cda1503db641d77245c601a86b1102904eb869
bittorrent,500000000,4,3,3,50.287400,0.608741,41127,bcab9b7e1b66e1e2ecf07d5ad8cda1503db641d77245c601a86b1102904eb869
bittorrent,500000000,4,3,4,49.783393,0.579227,62957,bcab9b7e1b66e1e2ecf07d5ad8cda1503db641d77245c601a86b1102904eb869
bittorrent,500000000,8,1,1,48.585932,0.626477,222079,bcab9b7e1b66e1e2ecf07d5ad8cda1503db641d77245c601a86b1102904eb869
bittorrent,500000000,8,1,2,47.391920,0.552129,156235,bcab9b7e1b66e1e2ecf07d5ad8cda1503db641d77245c601a86b1102904eb869
bittorrent,500000000,8,1,3,48.070118,0.581309,311849,bcab9b7e1b66e1e2ecf07d5ad8cda1503db641d77245c601a86b1102904eb869
bittorrent,500000000,8,1,4,48.483163,0.555628,279859,bcab9b7e1b66e1e2ecf07d5ad8cda1503db641d77245c601a86b1102904eb869
bittorrent,500000000,8,1,5,47.887657,0.572330,230265,bcab9b7e1b66e1e2ecf07d5ad8cda1503db641d77245c601a86b1102904eb869
bittorrent,500000000,8,1,6,49.256031,0.575591,260241,bcab9b7e1b66e1e2ecf07d5ad8cda1503db641d77245c601a86b1102904eb869
bittorrent,500000000,8,1,7,48.586080,0.549307,83227,bcab9b7e1b66e1e2ecf07d5ad8cda1503db641d77245c601a86b1102904eb869
bittorrent,500000000,8,1,8,47.968975,0.569166,101532,bcab9b7e1b66e1e2ecf07d5ad8cda1503db641d77245c601a86b1102904eb869
bittorrent,500000000,8,2,1,48.295785,0.578578,19728,bcab9b7e1b66e1e2ecf07d5ad8cda1503db641d77245c601a86b1102904eb869
bittorrent,500000000,8,2,2,48.515572,0.575081,30027,bcab9b7e1b66e1e2ecf07d5ad8cda1503db641d77245c601a86b1102904eb869
bittorrent,500000000,8,2,3,48.414694,0.591547,38453,bcab9b7e1b66e1e2ecf07d5ad8cda1503db641d77245c601a86b1102904eb869
bittorrent,500000000,8,2,4,49.189601,0.613152,59433,bcab9b7e1b66e1e2ecf07d5ad8cda1503db641d77245c601a86b1102904eb869
bittorrent,500000000,8,2,5,48.819163,0.598030,68410,bcab9b7e1b66e1e2ecf07d5ad8cda1503db641d77245c601a86b1102904eb869
bittorrent,500000000,8,2,6,48.515620,0.637332,80052,bcab9b7e1b66e1e2ecf07d5ad8cda1503db641d77245c601a86b1102904eb869
bittorrent,500000000,8,2,7,48.515625,0.604070,78289,bcab9b7e1b66e1e2ecf07d5ad8cda1503db641d77245c601a86b1102904eb869
bittorrent,500000000,8,2,8,48.885870,0.720733,63561,bcab9b7e1b66e1e2ecf07d5ad8cda1503db641d77245c601a86b1102904eb869
bittorrent,500000000,8,3,1,48.661181,0.613866,981915,bcab9b7e1b66e1e2ecf07d5ad8cda1503db641d77245c601a86b1102904eb869
bittorrent,500000000,8,3,2,48.661201,0.650105,969191,bcab9b7e1b66e1e2ecf07d5ad8cda1503db641d77245c601a86b1102904eb869
bittorrent,500000000,8,3,3,48.345282,0.581126,998045,bcab9b7e1b66e1e2ecf07d5ad8cda1503db641d77245c601a86b1102904eb869
bittorrent,500000000,8,3,4,48.170581,0.620345,1008414,bcab9b7e1b66e1e2ecf07d5ad8cda1503db641d77245c601a86b1102904eb869
bittorrent,500000000,8,3,5,48.345270,0.579214,1019164,bcab9b7e1b66e1e2ecf07d5ad8cda1503db641d77245c601a86b1102904eb869
bittorrent,500000000,8,3,6,49.117186,0.607306,1032609,bcab9b7e1b66e1e2ecf07d5ad8cda1503db641d77245c601a86b1102904eb869
bittorrent,500000000,8,3,7,48.560401,0.595182,1042658,bcab9b7e1b66e1e2ecf07d5ad8cda1503db641d77245c601a86b1102904eb869
bittorrent,500000000,8,3,8,47.901010,0.575956,1051604,bcab9b7e1b66e1e2ecf07d5ad8cda1503db641d77245c601a86b1102904eb869
bittorrent,50000000,1,1,1,25.518410,0.043960,79479,6b874d461162536eddb049086fe81f05297c6c9278c92176a0358a67a34cec8f
bittorrent,50000000,1,2,1,23.613304,0.042840,47837,6b874d461162536eddb049086fe81f05297c6c9278c92176a0358a67a34cec8f
bittorrent,50000000,1,3,1,23.984563,0.045679,627016,6b874d461162536eddb049086fe81f05297c6c9278c92176a0358a67a34cec8f
bittorrent,50000000,2,1,1,24.356454,0.043445,164148,6b874d461162536eddb049086fe81f05297c6c9278c92176a0358a67a34cec8f
bittorrent,50000000,2,1,2,24.356567,0.042575,52388,6b874d461162536eddb049086fe81f05297c6c9278c92176a0358a67a34cec8f
bittorrent,50000000,2,2,1,25.647825,0.042964,30457,6b874d461162536eddb049086fe81f05297c6c9278c92176a0358a67a34cec8f
bittorrent,50000000,2,2,2,25.647791,0.042127,65372,6b874d461162536eddb049086fe81f05297c6c9278c92176a0358a67a34cec8f
bittorrent,50000000,2,3,1,24.178452,0.043093,114508,6b874d461162536eddb049086fe81f05297c6c9278c92176a0358a67a34cec8f
bittorrent,50000000,2,3,2,24.180347,0.043049,79942,6b874d461162536eddb049086fe81f05297c6c9278c92176a0358a67a34cec8f
bittorrent,50000000,4,1,1,25.751156,0.043671,141125,6b874d461162536eddb049086fe81f05297c6c9278c92176a0358a67a34cec8f
bittorrent,50000000,4,1,2,25.751217,0.045581,148810,6b874d461162536eddb049086fe81f05297c6c9278c92176a0358a67a34cec8f
bittorrent,50000000,4,1,3,25.751214,0.045149,152737,6b874d461162536eddb049086fe81f05297c6c9278c92176a0358a67a34cec8f
bittorrent,50000000,4,1,4,25.751335,0.045365,33323,6b874d461162536eddb049086fe81f05297c6c9278c92176a0358a67a34cec8f
bittorrent,50000000,4,2,1,24.428692,0.041517,30196,6b874d461162536eddb049086fe81f05297c6c9278c92176a0358a67a34cec8f
bittorrent,50000000,4,2,2,24.444625,0.041760,35466,6b874d461162536eddb049086fe81f05297c6c9278c92176a0358a67a34cec8f
bittorrent,50000000,4,2,3,24.448226,0.041698,18003,6b874d461162536eddb049086fe81f05297c6c9278c92176a0358a67a34cec8f
bittorrent,50000000,4,2,4,24.448177,0.041909,69781,6b874d461162536eddb049086fe81f05297c6c9278c92176a0358a67a34cec8f
bittorrent,50000000,4,3,1,25.037182,0.043830,15239,6b874d461162536eddb049086fe81f05297c6c9278c92176a0358a67a34cec8f
bittorrent,50000000,4,3,2,24.230039,0.041835,22141,6b874d461162536eddb049086fe81f05297c6c9278c92176a0358a67a34cec8f
bittorrent,50000000,4,3,3,24.028837,0.042902,27772,6b874d461162536eddb049086fe81f05297c6c9278c92176a0358a67a34cec8f
bittorrent,50000000,4,3,4,24.028839,0.041973,27291,6b874d461162536eddb049086fe81f05297c6c9278c92176a0358a67a34cec8f
bittorrent,50000000,8,1,1,29.600969,0.042079,49674,6b874d461162536eddb049086fe81f05297c6c9278c92176a0358a67a34cec8f
bittorrent,50000000,8,1,2,29.601291,0.044366,103715,6b874d461162536eddb049086fe81f05297c6c9278c92176a0358a67a34cec8f
bittorrent,50000000,8,1,3,29.601231,0.042663,164790,6b874d461162536eddb049086fe81f05297c6c9278c92176a0358a67a34cec8f
bittorrent,50000000,8,1,4,29.601190,0.042141,207570,6b874d461162536eddb049086fe81f05297c6c9278c92176a0358a67a34cec8f
bittorrent,50000000,8,1,5,29.600842,0.044381,557065,6b874d461162536eddb049086fe81f05297c6c9278c92176a0358a67a34cec8f
bittorrent,50000000,8,1,6,29.600700,0.050057,701406,6b874d461162536eddb049086fe81f05297c6c9278c92176a0358a67a34cec8f
bittorrent,50000000,8,1,7,29.600637,0.042115,766308,6b874d461162536eddb049086fe81f05297c6c9278c92176a0358a67a34cec8f
bittorrent,50000000,8,1,8,29.601386,0.053770,18846,6b874d461162536eddb049086fe81f05297c6c9278c92176a0358a67a34cec8f
bittorrent,50000000,8,2,1,28.510153,0.046052,23464,6b874d461162536eddb049086fe81f05297c6c9278c92176a0358a67a34cec8f
bittorrent,50000000,8,2,2,28.510150,0.046032,32110,6b874d461162536eddb049086fe81f05297c6c9278c92176a0358a67a34cec8f
bittorrent,50000000,8,2,3,28.510146,0.047114,40956,6b874d461162536eddb049086fe81f05297c6c9278c92176a0358a67a34cec8f
bittorrent,50000000,8,2,4,28.510140,0.046175,53019,6b874d461162536eddb049086fe81f05297c6c9278c92176a0358a67a34cec8f
bittorrent,50000000,8,2,5,29.016856,0.046128,65262,6b874d461162536eddb049086fe81f05297c6c9278c92176a0358a67a34cec8f
bittorrent,50000000,8,2,6,28.510116,0.046454,81593,6b874d461162536eddb049086fe81f05297c6c9278c92176a0358a67a34cec8f
bittorrent,50000000,8,2,7,29.016966,0.046974,92944,6b874d461162536eddb049086fe81f05297c6c9278c92176a0358a67a34cec8f
bittorrent,50000000,8,2,8,29.017012,0.047254,50164,6b874d461162536eddb049086fe81f05297c6c9278c92176a0358a67a34cec8f
bittorrent,50000000,8,3,1,29.317845,0.042885,39564,6b874d461162536eddb049086fe81f05297c6c9278c92176a0358a67a34cec8f
bittorrent,50000000,8,3,2,29.317836,0.041791,50685,6b874d461162536eddb049086fe81f05297c6c9278c92176a0358a67a34cec8f
bittorrent,50000000,8,3,3,29.317823,0.041830,64691,6b874d461162536eddb049086fe81f05297c6c9278c92176a0358a67a34cec8f
bittorrent,50000000,8,3,4,28.813731,0.042577,75511,6b874d461162536eddb049086fe81f05297c6c9278c92176a0358a67a34cec8f
bittorrent,50000000,8,3,5,29.317807,0.041786,83216,6b874d461162536eddb049086fe81f05297c6c9278c92176a0358a67a34cec8f
bittorrent,50000000,8,3,6,29.317794,0.041801,96521,6b874d461162536eddb049086fe81f05297c6c9278c92176a0358a67a34cec8f
bittorrent,50000000,8,3,7,28.813738,0.041840,74519,6b874d461162536eddb049086fe81f05297c6c9278c92176a0358a67a34cec8f
bittorrent,50000000,8,3,8,28.283491,0.041911,145562,6b874d461162536eddb049086fe81f05297c6c9278c92176a0358a67a34cec8f
bittorrent,5000000,1,1,1,14.290992,0.004035,94407,9057927ba06205f3be4765fe0b7bd4a3bd7c5896bc31fccb4e4d82b093f77d7a
bittorrent,5000000,1,2,1,14.097085,0.004065,69480,9057927ba06205f3be4765fe0b7bd4a3bd7c5896bc31fccb4e4d82b093f77d7a
bittorrent,5000000,1,3,1,14.184623,0.004260,88405,9057927ba06205f3be4765fe0b7bd4a3bd7c5896bc31fccb4e4d82b093f77d7a
bittorrent,5000000,2,1,1,14.199480,0.004607,38223,9057927ba06205f3be4765fe0b7bd4a3bd7c5896bc31fccb4e4d82b093f77d7a
bittorrent,5000000,2,1,2,14.199465,0.004434,54123,9057927ba06205f3be4765fe0b7bd4a3bd7c5896bc31fccb4e4d82b093f77d7a
bittorrent,5000000,2,2,1,14.436413,0.004899,29346,9057927ba06205f3be4765fe0b7bd4a3bd7c5896bc31fccb4e4d82b093f77d7a
bittorrent,5000000,2,2,2,14.437641,0.004829,165031,9057927ba06205f3be4765fe0b7bd4a3bd7c5896bc31fccb4e4d82b093f77d7a
bittorrent,5000000,2,3,1,14.000592,0.004657,4057,9057927ba06205f3be4765fe0b7bd4a3bd7c5896bc31fccb4e4d82b093f77d7a
bittorrent,5000000,2,3,2,14.015995,0.004294,59622,9057927ba06205f3be4765fe0b7bd4a3bd7c5896bc31fccb4e4d82b093f77d7a
bittorrent,5000000,4,1,1,14.606488,0.003958,12474,9057927ba06205f3be4765fe0b7bd4a3bd7c5896bc31fccb4e4d82b093f77d7a
bittorrent,5000000,4,1,2,14.606486,0.003889,17403,9057927ba06205f3be4765fe0b7bd4a3bd7c5896bc31fccb4e4d82b093f77d7a
bittorrent,5000000,4,1,3,14.606496,0.003989,10580,9057927ba06205f3be4765fe0b7bd4a3bd7c5896bc31fccb4e4d82b093f77d7a
bittorrent,5000000,4,1,4,14.203944,0.003991,51488,9057927ba06205f3be4765fe0b7bd4a3bd7c5896bc31fccb4e4d82b093f77d7a
bittorrent,5000000,4,2,1,14.618790,0.004406,25317,9057927ba06205f3be4765fe0b7bd4a3bd7c5896bc31fccb4e4d82b093f77d7a
bittorrent,5000000,4,2,2,14.216357,0.004085,29986,9057927ba06205f3be4765fe0b7bd4a3bd7c5896bc31fccb4e4d82b093f77d7a
bittorrent,5000000,4,2,3,14.216381,0.004104,6993,9057927ba06205f3be4765fe0b7bd4a3bd7c5896bc31fccb4e4d82b093f77d7a
bittorrent,5000000,4,2,4,14.618751,0.004060,66304,9057927ba06205f3be4765fe0b7bd4a3bd7c5896bc31fccb4e4d82b093f77d7a
bittorrent,5000000,4,3,1,14.461348,0.004099,75362,9057927ba06205f3be4765fe0b7bd4a3bd7c5896bc31fccb4e4d82b093f77d7a
bittorrent,5000000,4,3,2,14.461221,0.004026,204133,9057927ba06205f3be4765fe0b7bd4a3bd7c5896bc31fccb4e4d82b093f77d7a
bittorrent,5000000,4,3,3,14.863760,0.004669,248867,9057927ba06205f3be4765fe0b7bd4a3bd7c5896bc31fccb4e4d82b093f77d7a
bittorrent,5000000,4,3,4,14.863966,0.004090,42941,9057927ba06205f3be4765fe0b7bd4a3bd7c5896bc31fccb4e4d82b093f77d7a
bittorrent,5000000,8,1,1,15.543275,0.004662,23423,9057927ba06205f3be4765fe0b7bd4a3bd7c5896bc31fccb4e4d82b093f77d7a
bittorrent,5000000,8,1,2,15.038841,0.004161,38742,9057927ba06205f3be4765fe0b7bd4a3bd7c5896bc31fccb4e4d82b093f77d7a
bittorrent,5000000,8,1,3,15.038832,0.004059,49021,9057927ba06205f3be4765fe0b7bd4a3bd7c5896bc31fccb4e4d82b093f77d7a
bittorrent,5000000,8,1,4,15.543247,0.004012,55683,9057927ba06205f3be4765fe0b7bd4a3bd7c5896bc31fccb4e4d82b093f77d7a
bittorrent,5000000,8,1,5,15.038819,0.004144,66673,9057927ba06205f3be4765fe0b7bd4a3bd7c5896bc31fccb4e4d82b093f77d7a
bittorrent,5000000,8,1,6,15.543226,0.004024,79778,9057927ba06205f3be4765fe0b7bd4a3bd7c5896bc31fccb4e4d82b093f77d7a
bittorrent,5000000,8,1,7,15.038802,0.004027,87262,9057927ba06205f3be4765fe0b7bd4a3bd7c5896bc31fccb4e4d82b093f77d7a
bittorrent,5000000,8,1,8,15.038874,0.003997,15849,9057927ba06205f3be4765fe0b7bd4a3bd7c5896bc31fccb4e4d82b093f77d7a
bittorrent,5000000,8,2,1,15.254351,0.004031,147491,9057927ba06205f3be4765fe0b7bd4a3bd7c5896bc31fccb4e4d82b093f77d7a
bittorrent,5000000,8,2,2,15.254329,0.003940,170624,9057927ba06205f3be4765fe0b7bd4a3bd7c5896bc31fccb4e4d82b093f77d7a
bittorrent,5000000,8,2,3,15.254325,0.003981,176195,9057927ba06205f3be4765fe0b7bd4a3bd7c5896bc31fccb4e4d82b093f77d7a
bittorrent,5000000,8,2,4,14.749661,0.003973,184401,9057927ba06205f3be4765fe0b7bd4a3bd7c5896bc31fccb4e4d82b093f77d7a
bittorrent,5000000,8,2,5,14.749654,0.004167,192396,9057927ba06205f3be4765fe0b7bd4a3bd7c5896bc31fccb4e4d82b093f77d7a
bittorrent,5000000,8,2,6,15.254290,0.003917,214358,9057927ba06205f3be4765fe0b7bd4a3bd7c5896bc31fccb4e4d82b093f77d7a
bittorrent,5000000,8,2,7,15.254289,0.003966,225909,9057927ba06205f3be4765fe0b7bd4a3bd7c5896bc31fccb4e4d82b093f77d7a
bittorrent,5000000,8,2,8,14.749665,0.003940,183479,9057927ba06205f3be4765fe0b7bd4a3bd7c5896bc31fccb4e4d82b093f77d7a
bittorrent,5000000,8,3,1,15.560852,0.004033,14768,9057927ba06205f3be4765fe0b7bd4a3bd7c5896bc31fccb4e4d82b093f77d7a
bittorrent,5000000,8,3,2,15.561955,0.003918,22783,9057927ba06205f3be4765fe0b7bd4a3bd7c5896bc31fccb4e4d82b093f77d7a
bittorrent,5000000,8,3,3,15.561950,0.003906,29827,9057927ba06205f3be4765fe0b7bd4a3bd7c5896bc31fccb4e4d82b093f77d7a
bittorrent,5000000,8,3,4,15.561945,0.004104,35868,9057927ba06205f3be4765fe0b7bd4a3bd7c5896bc31fccb4e4d82b093f77d7a
bittorrent,5000000,8,3,5,15.561938,0.003914,44445,9057927ba06205f3be4765fe0b7bd4a3bd7c5896bc31fccb4e4d82b093f77d7a
bittorrent,5000000,8,3,6,15.561927,0.004219,56588,9057927ba06205f3be4765fe0b7bd4a3bd7c5896bc31fccb4e4d82b093f77d7a
bittorrent,5000000,8,3,7,15.561910,0.004611,74131,9057927ba06205f3be4765fe0b7bd4a3bd7c5896bc31fccb4e4d82b093f77d7a
bittorrent,5000000,8,3,8,15.561938,0.004010,47050,9057927ba06205f3be4765fe0b7bd4a3bd7c5896bc31fccb4e4d82b093f77d7a
paralelo,500000000,1,1,1,28.036171,0.521512,377686,bcab9b7e1b66e1e2ecf07d5ad8cda1503db641d77245c601a86b1102904eb869
paralelo,500000000,1,2,1,28.536864,0.451949,94886,bcab9b7e1b66e1e2ecf07d5ad8cda1503db641d77245c601a86b1102904eb869
paralelo,500000000,1,3,1,23.115128,0.697270,75782,bcab9b7e1b66e1e2ecf07d5ad8cda1503db641d77245c601a86b1102904eb869
paralelo,500000000,2,1,1,42.727385,0.456052,71185,bcab9b7e1b66e1e2ecf07d5ad8cda1503db641d77245c601a86b1102904eb869
paralelo,500000000,2,1,2,44.034346,0.449142,58712,bcab9b7e1b66e1e2ecf07d5ad8cda1503db641d77245c601a86b1102904eb869
paralelo,500000000,2,2,1,39.775162,0.590600,9868,bcab9b7e1b66e1e2ecf07d5ad8cda1503db641d77245c601a86b1102904eb869
paralelo,500000000,2,2,2,41.797709,0.557154,51967,bcab9b7e1b66e1e2ecf07d5ad8cda1503db641d77245c601a86b1102904eb869
paralelo,500000000,2,3,1,38.010094,0.454263,13846,bcab9b7e1b66e1e2ecf07d5ad8cda1503db641d77245c601a86b1102904eb869
paralelo,500000000,2,3,2,43.446171,0.464445,78587,bcab9b7e1b66e1e2ecf07d5ad8cda1503db641d77245c601a86b1102904eb869
paralelo,500000000,4,1,1,80.083865,0.572921,24416,bcab9b7e1b66e1e2ecf07d5ad8cda1503db641d77245c601a86b1102904eb869
paralelo,500000000,4,1,2,79.681296,0.462942,12664,bcab9b7e1b66e1e2ecf07d5ad8cda1503db641d77245c601a86b1102904eb869
paralelo,500000000,4,1,3,79.681278,0.456034,30577,bcab9b7e1b66e1e2ecf07d5ad8cda1503db641d77245c601a86b1102904eb869
paralelo,500000000,4,1,4,79.983157,0.464009,60663,bcab9b7e1b66e1e2ecf07d5ad8cda1503db641d77245c601a86b1102904eb869
paralelo,500000000,4,2,1,80.085198,0.681846,93806,bcab9b7e1b66e1e2ecf07d5ad8cda1503db641d77245c601a86b1102904eb869
paralelo,500000000,4,2,2,80.085177,0.681184,131257,bcab9b7e1b66e1e2ecf07d5ad8cda1503db641d77245c601a86b1102904eb869
paralelo,500000000,4,2,3,80.085173,0.713640,172604,bcab9b7e1b66e1e2ecf07d5ad8cda1503db641d77245c601a86b1102904eb869
paralelo,500000000,4,2,4,80.085326,0.709702,20188,bcab9b7e1b66e1e2ecf07d5ad8cda1503db641d77245c601a86b1102904eb869
paralelo,500000000,4,3,1,80.032440,0.520353,14376,bcab9b7e1b66e1e2ecf07d5ad8cda1503db641d77245c601a86b1102904eb869
paralelo,500000000,4,3,2,80.032510,0.452881,20157,bcab9b7e1b66e1e2ecf07d5ad8cda1503db641d77245c601a86b1102904eb869
paralelo,500000000,4,3,3,80.032498,0.449243,32220,bcab9b7e1b66e1e2ecf07d5ad8cda1503db641d77245c601a86b1102904eb869
paralelo,500000000,4,3,4,80.032462,0.459405,68337,bcab9b7e1b66e1e2ecf07d5ad8cda1503db641d77245c601a86b1102904eb869
paralelo,500000000,8,1,1,160.021966,0.533538,25107,bcab9b7e1b66e1e2ecf07d5ad8cda1503db641d77245c601a86b1102904eb869
paralelo,500000000,8,1,2,160.021944,0.537487,47689,bcab9b7e1b66e1e2ecf07d5ad8cda1503db641d77245c601a86b1102904eb869
paralelo,500000000,8,1,3,160.022048,0.543061,37760,bcab9b7e1b66e1e2ecf07d5ad8cda1503db641d77245c601a86b1102904eb869
paralelo,500000000,8,1,4,160.022068,0.511670,53470,bcab9b7e1b66e1e2ecf07d5ad8cda1503db641d77245c601a86b1102904eb869
paralelo,500000000,8,1,5,160.022078,0.503303,67576,bcab9b7e1b66e1e2ecf07d5ad8cda1503db641d77245c601a86b1102904eb869
paralelo,500000000,8,1,6,160.022059,0.570103,86341,bcab9b7e1b66e1e2ecf07d5ad8cda1503db641d77245c601a86b1102904eb869
paralelo,500000000,8,1,7,160.022046,0.505324,99445,bcab9b7e1b66e1e2ecf07d5ad8cda1503db641d77245c601a86b1102904eb869
paralelo,500000000,8,1,8,160.022102,0.530399,44312,bcab9b7e1b66e1e2ecf07d5ad8cda1503db641d77245c601a86b1102904eb869
paralelo,500000000,8,2,1,160.302252,0.551811,97584,bcab9b7e1b66e1e2ecf07d5ad8cda1503db641d77245c601a86b1102904eb869
paralelo,500000000,8,2,2,160.302245,0.714774,104587,bcab9b7e1b66e1e2ecf07d5ad8cda1503db641d77245c601a86b1102904eb869
paralelo,500000000,8,2,3,160.302246,0.639667,121439,bcab9b7e1b66e1e2ecf07d5ad8cda1503db641d77245c601a86b1102904eb869
paralelo,500000000,8,2,4,160.302350,0.565901,120677,bcab9b7e1b66e1e2ecf07d5ad8cda1503db641d77245c601a86b1102904eb869
paralelo,500000000,8,2,5,160.302402,0.579379,132500,bcab9b7e1b66e1e2ecf07d5ad8cda1503db641d77245c601a86b1102904eb869
paralelo,500000000,8,2,6,160.302393,0.650072,141607,bcab9b7e1b66e1e2ecf07d5ad8cda1503db641d77245c601a86b1102904eb869
paralelo,500000000,8,2,7,160.302516,0.581011,18866,bcab9b7e1b66e1e2ecf07d5ad8cda1503db641d77245c601a86b1102904eb869
paralelo,500000000,8,2,8,160.302290,0.571685,244560,bcab9b7e1b66e1e2ecf07d5ad8cda1503db641d77245c601a86b1102904eb869
paralelo,500000000,8,3,1,160.033938,0.566245,136464,bcab9b7e1b66e1e2ecf07d5ad8cda1503db641d77245c601a86b1102904eb869
paralelo,500000000,8,3,2,160.033973,0.606150,127478,bcab9b7e1b66e1e2ecf07d5ad8cda1503db641d77245c601a86b1102904eb869
paralelo,500000000,8,3,3,160.034003,0.555680,121877,bcab9b7e1b66e1e2ecf07d5ad8cda1503db641d77245c601a86b1102904eb869
paralelo,500000000,8,3,4,160.033978,0.578985,147685,bcab9b7e1b66e1e2ecf07d5ad8cda1503db641d77245c601a86b1102904eb869
paralelo,500000000,8,3,5,160.033956,0.554067,169366,bcab9b7e1b66e1e2ecf07d5ad8cda1503db641d77245c601a86b1102904eb869
paralelo,500000000,8,3,6,160.033951,0.570179,175718,bcab9b7e1b66e1e2ecf07d5ad8cda1503db641d77245c601a86b1102904eb869
paralelo,500000000,8,3,7,160.033944,0.567038,182190,bcab9b7e1b66e1e2ecf07d5ad8cda1503db641d77245c601a86b1102904eb869
paralelo,500000000,8,3,8,160.034114,0.560647,12343,bcab9b7e1b66e1e2ecf07d5ad8cda1503db641d77245c601a86b1102904eb869
paralelo,50000000,1,1,1,2.091871,0.039416,76214,6b874d461162536eddb049086fe81f05297c6c9278c92176a0358a67a34cec8f
paralelo,50000000,1,2,1,2.096552,0.043599,53761,6b874d461162536eddb049086fe81f05297c6c9278c92176a0358a67a34cec8f
paralelo,50000000,1,3,1,2.107369,0.046000,333872,6b874d461162536eddb049086fe81f05297c6c9278c92176a0358a67a34cec8f
paralelo,50000000,2,1,1,5.815695,0.042252,14287,6b874d461162536eddb049086fe81f05297c6c9278c92176a0358a67a34cec8f
paralelo,50000000,2,1,2,5.513358,0.041144,62048,6b874d461162536eddb049086fe81f05297c6c9278c92176a0358a67a34cec8f
paralelo,50000000,2,2,1,5.819929,0.038568,71526,6b874d461162536eddb049086fe81f05297c6c9278c92176a0358a67a34cec8f
paralelo,50000000,2,2,2,5.015123,0.038356,73560,6b874d461162536eddb049086fe81f05297c6c9278c92176a0358a67a34cec8f
paralelo,50000000,2,3,1,4.330633,0.092205,634495,6b874d461162536eddb049086fe81f05297c6c9278c92176a0358a67a34cec8f
paralelo,50000000,2,3,2,4.028498,0.041044,638663,6b874d461162536eddb049086fe81f05297c6c9278c92176a0358a67a34cec8f
paralelo,50000000,4,1,1,8.045750,0.039097,14087,6b874d461162536eddb049086fe81f05297c6c9278c92176a0358a67a34cec8f
paralelo,50000000,4,1,2,8.045787,0.039220,24186,6b874d461162536eddb049086fe81f05297c6c9278c92176a0358a67a34cec8f
paralelo,50000000,4,1,3,8.045782,0.040521,30307,6b874d461162536eddb049086fe81f05297c6c9278c92176a0358a67a34cec8f
paralelo,50000000,4,1,4,8.045757,0.039194,55093,6b874d461162536eddb049086fe81f05297c6c9278c92176a0358a67a34cec8f
paralelo,50000000,4,2,1,8.005230,0.040586,12473,6b874d461162536eddb049086fe81f05297c6c9278c92176a0358a67a34cec8f
paralelo,50000000,4,2,2,8.005296,0.040398,30748,6b874d461162536eddb049086fe81f05297c6c9278c92176a0358a67a34cec8f
paralelo,50000000,4,2,3,8.005572,0.040213,37911,6b874d461162536eddb049086fe81f05297c6c9278c92176a0358a67a34cec8f
paralelo,50000000,4,2,4,8.005544,0.040666,67216,6b874d461162536eddb049086fe81f05297c6c9278c92176a0358a67a34cec8f
paralelo,50000000,4,3,1,8.041717,0.040554,54302,6b874d461162536eddb049086fe81f05297c6c9278c92176a0358a67a34cec8f
paralelo,50000000,4,3,2,8.041707,0.042678,157606,6b874d461162536eddb049086fe81f05297c6c9278c92176a0358a67a34cec8f
paralelo,50000000,4,3,3,8.041658,0.040648,206117,6b874d461162536eddb049086fe81f05297c6c9278c92176a0358a67a34cec8f
paralelo,50000000,4,3,4,8.041832,0.040630,32782,6b874d461162536eddb049086fe81f05297c6c9278c92176a0358a67a34cec8f
paralelo,50000000,8,1,1,16.012118,0.040384,15309,6b874d461162536eddb049086fe81f05297c6c9278c92176a0358a67a34cec8f
paralelo,50000000,8,1,2,16.012386,0.040922,44213,6b874d461162536eddb049086fe81f05297c6c9278c92176a0358a67a34cec8f
paralelo,50000000,8,1,3,16.012372,0.041697,59511,6b874d461162536eddb049086fe81f05297c6c9278c92176a0358a67a34cec8f
paralelo,50000000,8,1,4,16.012483,0.041259,64891,6b874d461162536eddb049086fe81f05297c6c9278c92176a0358a67a34cec8f
paralelo,50000000,8,1,5,16.012475,0.040805,73718,6b874d461162536eddb049086fe81f05297c6c9278c92176a0358a67a34cec8f
paralelo,50000000,8,1,6,16.012464,0.040226,84909,6b874d461162536eddb049086fe81f05297c6c9278c92176a0358a67a34cec8f
paralelo,50000000,8,1,7,16.012450,0.039727,99265,6b874d461162536eddb049086fe81f05297c6c9278c92176a0358a67a34cec8f
paralelo,50000000,8,1,8,16.012507,0.039203,42329,6b874d461162536eddb049086fe81f05297c6c9278c92176a0358a67a34cec8f
paralelo,50000000,8,2,1,16.096854,0.041581,14026,6b874d461162536eddb049086fe81f05297c6c9278c92176a0358a67a34cec8f
paralelo,50000000,8,2,2,15.996148,0.041346,20117,6b874d461162536eddb049086fe81f05297c6c9278c92176a0358a67a34cec8f
paralelo,50000000,8,2,3,15.996140,0.039648,27751,6b874d461162536eddb049086fe81f05297c6c9278c92176a0358a67a34cec8f
paralelo,50000000,8,2,4,15.996132,0.039626,37169,6b874d461162536eddb049086fe81f05297c6c9278c92176a0358a67a34cec8f
paralelo,50000000,8,2,5,15.996124,0.039677,44763,6b874d461162536eddb049086fe81f05297c6c9278c92176a0358a67a34cec8f
paralelo,50000000,8,2,6,15.996115,0.039631,54551,6b874d461162536eddb049086fe81f05297c6c9278c92176a0358a67a34cec8f
paralelo,50000000,8,2,7,15.996102,0.039432,67926,6b874d461162536eddb049086fe81f05297c6c9278c92176a0358a67a34cec8f
paralelo,50000000,8,2,8,15.996150,0.040206,19406,6b874d461162536eddb049086fe81f05297c6c9278c92176a0358a67a34cec8f
paralelo,50000000,8,3,1,16.046241,0.040935,11412,6b874d461162536eddb049086fe81f05297c6c9278c92176a0358a67a34cec8f
paralelo,50000000,8,3,2,16.046346,0.040960,17944,6b874d461162536eddb049086fe81f05297c6c9278c92176a0358a67a34cec8f
paralelo,50000000,8,3,3,16.046428,0.039973,25908,6b874d461162536eddb049086fe81f05297c6c9278c92176a0358a67a34cec8f
paralelo,50000000,8,3,4,16.046417,0.039379,37490,6b874d461162536eddb049086fe81f05297c6c9278c92176a0358a67a34cec8f
paralelo,50000000,8,3,5,16.046403,0.039280,51546,6b874d461162536eddb049086fe81f05297c6c9278c92176a0358a67a34cec8f
paralelo,50000000,8,3,6,16.046390,0.039562,64630,6b874d461162536eddb049086fe81f05297c6c9278c92176a0358a67a34cec8f
paralelo,50000000,8,3,7,16.046384,0.039488,70862,6b874d461162536eddb049086fe81f05297c6c9278c92176a0358a67a34cec8f
paralelo,50000000,8,3,8,16.046438,0.039455,17783,6b874d461162536eddb049086fe81f05297c6c9278c92176a0358a67a34cec8f
paralelo,5000000,1,1,1,0.283141,0.004104,35044,9057927ba06205f3be4765fe0b7bd4a3bd7c5896bc31fccb4e4d82b093f77d7a
paralelo,5000000,1,2,1,0.283916,0.003968,84339,9057927ba06205f3be4765fe0b7bd4a3bd7c5896bc31fccb4e4d82b093f77d7a
paralelo,5000000,1,3,1,0.283009,0.003978,90231,9057927ba06205f3be4765fe0b7bd4a3bd7c5896bc31fccb4e4d82b093f77d7a
paralelo,5000000,2,1,1,0.485748,0.004703,13795,9057927ba06205f3be4765fe0b7bd4a3bd7c5896bc31fccb4e4d82b093f77d7a
paralelo,5000000,2,1,2,0.485736,0.004362,26539,9057927ba06205f3be4765fe0b7bd4a3bd7c5896bc31fccb4e4d82b093f77d7a
paralelo,5000000,2,2,1,0.485368,0.004192,15228,9057927ba06205f3be4765fe0b7bd4a3bd7c5896bc31fccb4e4d82b093f77d7a
paralelo,5000000,2,2,2,0.485354,0.004157,52498,9057927ba06205f3be4765fe0b7bd4a3bd7c5896bc31fccb4e4d82b093f77d7a
paralelo,5000000,2,3,1,0.484373,0.004158,36458,9057927ba06205f3be4765fe0b7bd4a3bd7c5896bc31fccb4e4d82b093f77d7a
paralelo,5000000,2,3,2,0.484336,0.004180,73127,9057927ba06205f3be4765fe0b7bd4a3bd7c5896bc31fccb4e4d82b093f77d7a
paralelo,5000000,4,1,1,0.888294,0.004060,12152,9057927ba06205f3be4765fe0b7bd4a3bd7c5896bc31fccb4e4d82b093f77d7a
paralelo,5000000,4,1,2,0.888289,0.004052,18394,9057927ba06205f3be4765fe0b7bd4a3bd7c5896bc31fccb4e4d82b093f77d7a
paralelo,5000000,4,1,3,0.888336,0.003895,6392,9057927ba06205f3be4765fe0b7bd4a3bd7c5896bc31fccb4e4d82b093f77d7a
paralelo,5000000,4,1,4,0.888270,0.004093,72295,9057927ba06205f3be4765fe0b7bd4a3bd7c5896bc31fccb4e4d82b093f77d7a
paralelo,5000000,4,2,1,0.887238,0.004060,15709,9057927ba06205f3be4765fe0b7bd4a3bd7c5896bc31fccb4e4d82b093f77d7a
paralelo,5000000,4,2,2,0.887231,0.003965,23183,9057927ba06205f3be4765fe0b7bd4a3bd7c5896bc31fccb4e4d82b093f77d7a
paralelo,5000000,4,2,3,0.887225,0.003936,28743,9057927ba06205f3be4765fe0b7bd4a3bd7c5896bc31fccb4e4d82b093f77d7a
paralelo,5000000,4,2,4,0.887227,0.003900,26910,9057927ba06205f3be4765fe0b7bd4a3bd7c5896bc31fccb4e4d82b093f77d7a
paralelo,5000000,4,3,1,0.897494,0.004035,27070,9057927ba06205f3be4765fe0b7bd4a3bd7c5896bc31fccb4e4d82b093f77d7a
paralelo,5000000,4,3,2,0.897542,0.003949,42299,9057927ba06205f3be4765fe0b7bd4a3bd7c5896bc31fccb4e4d82b093f77d7a
paralelo,5000000,4,3,3,0.897781,0.003885,47729,9057927ba06205f3be4765fe0b7bd4a3bd7c5896bc31fccb4e4d82b093f77d7a
paralelo,5000000,4,3,4,0.897780,0.003907,77245,9057927ba06205f3be4765fe0b7bd4a3bd7c5896bc31fccb4e4d82b093f77d7a
paralelo,5000000,8,1,1,1.608484,0.004956,1122446,9057927ba06205f3be4765fe0b7bd4a3bd7c5896bc31fccb4e4d82b093f77d7a
paralelo,5000000,8,1,2,1.608004,0.007856,1698586,9057927ba06205f3be4765fe0b7bd4a3bd7c5896bc31fccb4e4d82b093f77d7a
paralelo,5000000,8,1,3,1.608378,0.004366,1324454,9057927ba06205f3be4765fe0b7bd4a3bd7c5896bc31fccb4e4d82b093f77d7a
paralelo,5000000,8,1,4,1.608061,0.004548,1860269,9057927ba06205f3be4765fe0b7bd4a3bd7c5896bc31fccb4e4d82b093f77d7a
paralelo,5000000,8,1,5,1.607824,0.004382,2097424,9057927ba06205f3be4765fe0b7bd4a3bd7c5896bc31fccb4e4d82b093f77d7a
paralelo,5000000,8,1,6,1.607633,0.004117,2288933,9057927ba06205f3be4765fe0b7bd4a3bd7c5896bc31fccb4e4d82b093f77d7a
paralelo,5000000,8,1,7,1.607486,0.004102,2435909,9057927ba06205f3be4765fe0b7bd4a3bd7c5896bc31fccb4e4d82b093f77d7a
paralelo,5000000,8,1,8,1.607358,0.004057,2564090,9057927ba06205f3be4765fe0b7bd4a3bd7c5896bc31fccb4e4d82b093f77d7a
paralelo,5000000,8,2,1,1.700258,0.004029,14067,9057927ba06205f3be4765fe0b7bd4a3bd7c5896bc31fccb4e4d82b093f77d7a
paralelo,5000000,8,2,2,1.700313,0.004087,21090,9057927ba06205f3be4765fe0b7bd4a3bd7c5896bc31fccb4e4d82b093f77d7a
paralelo,5000000,8,2,3,1.700303,0.003924,31520,9057927ba06205f3be4765fe0b7bd4a3bd7c5896bc31fccb4e4d82b093f77d7a
paralelo,5000000,8,2,4,1.700385,0.004033,44925,9057927ba06205f3be4765fe0b7bd4a3bd7c5896bc31fccb4e4d82b093f77d7a
paralelo,5000000,8,2,5,1.700550,0.004012,59613,9057927ba06205f3be4765fe0b7bd4a3bd7c5896bc31fccb4e4d82b093f77d7a
paralelo,5000000,8,2,6,1.700505,0.003903,104537,9057927ba06205f3be4765fe0b7bd4a3bd7c5896bc31fccb4e4d82b093f77d7a
paralelo,5000000,8,2,7,1.700497,0.003883,113704,9057927ba06205f3be4765fe0b7bd4a3bd7c5896bc31fccb4e4d82b093f77d7a
paralelo,5000000,8,2,8,1.700551,0.003982,59472,9057927ba06205f3be4765fe0b7bd4a3bd7c5896bc31fccb4e4d82b093f77d7a
paralelo,5000000,8,3,1,1.598288,0.004105,16611,9057927ba06205f3be4765fe0b7bd4a3bd7c5896bc31fccb4e4d82b093f77d7a
paralelo,5000000,8,3,2,1.699087,0.004014,26359,9057927ba06205f3be4765fe0b7bd4a3bd7c5896bc31fccb4e4d82b093f77d7a
paralelo,5000000,8,3,3,1.699124,0.003983,37991,9057927ba06205f3be4765fe0b7bd4a3bd7c5896bc31fccb4e4d82b093f77d7a
paralelo,5000000,8,3,4,1.699155,0.004269,47930,9057927ba06205f3be4765fe0b7bd4a3bd7c5896bc31fccb4e4d82b093f77d7a
paralelo,5000000,8,3,5,1.598382,0.004213,58339,9057927ba06205f3be4765fe0b7bd4a3bd7c5896bc31fccb4e4d82b093f77d7a
paralelo,5000000,8,3,6,1.598366,0.004271,74460,9057927ba06205f3be4765fe0b7bd4a3bd7c5896bc31fccb4e4d82b093f77d7a
paralelo,5000000,8,3,7,1.699956,0.004284,121568,9057927ba06205f3be4765fe0b7bd4a3bd7c5896bc31fccb4e4d82b093f77d7a
paralelo,5000000,8,3,8,1.598356,0.004005,85310,9057927ba06205f3be4765fe0b7bd4a3bd7c5896bc31fccb4e4d82b093f77d7a
pool,500000000,1,1,1,20.701287,0.465659,122954,bcab9b7e1b66e1e2ecf07d5ad8cda1503db641d77245c601a86b1102904eb869
pool,500000000,1,2,1,36.689722,0.457454,125084,bcab9b7e1b66e1e2ecf07d5ad8cda1503db641d77245c601a86b1102904eb869
pool,500000000,1,3,1,29.735982,0.447098,69109,bcab9b7e1b66e1e2ecf07d5ad8cda1503db641d77245c601a86b1102904eb869
pool,500000000,2,1,1,45.085620,0.553705,75049,bcab9b7e1b66e1e2ecf07d5ad8cda1503db641d77245c601a86b1102904eb869
pool,500000000,2,1,2,44.784032,0.531334,125453,bcab9b7e1b66e1e2ecf07d5ad8cda1503db641d77245c601a86b1102904eb869
pool,500000000,2,2,1,43.864487,0.560396,64002,bcab9b7e1b66e1e2ecf07d5ad8cda1503db641d77245c601a86b1102904eb869
pool,500000000,2,2,2,43.663306,0.542146,56498,bcab9b7e1b66e1e2ecf07d5ad8cda1503db641d77245c601a86b1102904eb869
pool,500000000,2,3,1,42.634585,0.532907,21060,bcab9b7e1b66e1e2ecf07d5ad8cda1503db641d77245c601a86b1102904eb869
pool,500000000,2,3,2,43.138680,0.537450,80491,bcab9b7e1b66e1e2ecf07d5ad8cda1503db641d77245c601a86b1102904eb869
pool,500000000,4,1,1,79.270250,0.527483,20900,bcab9b7e1b66e1e2ecf07d5ad8cda1503db641d77245c601a86b1102904eb869
pool,500000000,4,1,2,41.866372,0.480452,36860,bcab9b7e1b66e1e2ecf07d5ad8cda1503db641d77245c601a86b1102904eb869
pool,500000000,4,1,3,37.632468,0.484350,30007,bcab9b7e1b66e1e2ecf07d5ad8cda1503db641d77245c601a86b1102904eb869
pool,500000000,4,1,4,80.779476,0.556102,53771,bcab9b7e1b66e1e2ecf07d5ad8cda1503db641d77245c601a86b1102904eb869
pool,500000000,4,2,1,40.009193,0.536368,1404344,bcab9b7e1b66e1e2ecf07d5ad8cda1503db641d77245c601a86b1102904eb869
pool,500000000,4,2,2,44.538089,0.461140,1413621,bcab9b7e1b66e1e2ecf07d5ad8cda1503db641d77245c601a86b1102904eb869
pool,500000000,4,2,3,83.203262,0.448511,1421927,bcab9b7e1b66e1e2ecf07d5ad8cda1503db641d77245c601a86b1102904eb869
pool,500000000,4,2,4,81.793259,0.456563,1428208,bcab9b7e1b66e1e2ecf07d5ad8cda1503db641d77245c601a86b1102904eb869
pool,500000000,4,3,1,75.773169,0.437990,537566,bcab9b7e1b66e1e2ecf07d5ad8cda1503db641d77245c601a86b1102904eb869
pool,500000000,4,3,2,83.227237,0.439747,545360,bcab9b7e1b66e1e2ecf07d5ad8cda1503db641d77245c601a86b1102904eb869
pool,500000000,4,3,3,39.300753,0.446628,21550,bcab9b7e1b66e1e2ecf07d5ad8cda1503db641d77245c601a86b1102904eb869
pool,500000000,4,3,4,45.245489,0.446343,67015,bcab9b7e1b66e1e2ecf07d5ad8cda1503db641d77245c601a86b1102904eb869
pool,500000000,8,1,1,79.027082,0.696430,645272,bcab9b7e1b66e1e2ecf07d5ad8cda1503db641d77245c601a86b1102904eb869
pool,500000000,8,1,2,122.662066,0.705069,657474,bcab9b7e1b66e1e2ecf07d5ad8cda1503db641d77245c601a86b1102904eb869
pool,500000000,8,1,3,38.039702,0.513561,668455,bcab9b7e1b66e1e2ecf07d5ad8cda1503db641d77245c601a86b1102904eb869
pool,500000000,8,1,4,43.489419,0.528594,679936,bcab9b7e1b66e1e2ecf07d5ad8cda1503db641d77245c601a86b1102904eb869
pool,500000000,8,1,5,160.801762,0.510617,689023,bcab9b7e1b66e1e2ecf07d5ad8cda1503db641d77245c601a86b1102904eb869
pool,500000000,8,1,6,122.153052,0.648638,697258,bcab9b7e1b66e1e2ecf07d5ad8cda1503db641d77245c601a86b1102904eb869
pool,500000000,8,1,7,163.727843,0.531906,703620,bcab9b7e1b66e1e2ecf07d5ad8cda1503db641d77245c601a86b1102904eb869
pool,500000000,8,1,8,82.361013,0.692827,709260,bcab9b7e1b66e1e2ecf07d5ad8cda1503db641d77245c601a86b1102904eb869
pool,500000000,8,2,1,119.658869,0.707235,16631,bcab9b7e1b66e1e2ecf07d5ad8cda1503db641d77245c601a86b1102904eb869
pool,500000000,8,2,2,84.654623,0.630820,24656,bcab9b7e1b66e1e2ecf07d5ad8cda1503db641d77245c601a86b1102904eb869
pool,500000000,8,2,3,78.702374,0.608661,39554,bcab9b7e1b66e1e2ecf07d5ad8cda1503db641d77245c601a86b1102904eb869
pool,500000000,8,2,4,40.161464,0.500321,47369,bcab9b7e1b66e1e2ecf07d5ad8cda1503db641d77245c601a86b1102904eb869
pool,500000000,8,2,5,42.382053,0.526778,56326,bcab9b7e1b66e1e2ecf07d5ad8cda1503db641d77245c601a86b1102904eb869
pool,500000000,8,2,6,162.086449,0.621781,83206,bcab9b7e1b66e1e2ecf07d5ad8cda1503db641d77245c601a86b1102904eb869
pool,500000000,8,2,7,123.088342,0.643761,70472,bcab9b7e1b66e1e2ecf07d5ad8cda1503db641d77245c601a86b1102904eb869
pool,500000000,8,2,8,163.804015,0.637405,127259,bcab9b7e1b66e1e2ecf07d5ad8cda1503db641d77245c601a86b1102904eb869
pool,500000000,8,3,1,128.972532,0.598436,27601,bcab9b7e1b66e1e2ecf07d5ad8cda1503db641d77245c601a86b1102904eb869
pool,500000000,8,3,2,85.317824,0.718519,19376,bcab9b7e1b66e1e2ecf07d5ad8cda1503db641d77245c601a86b1102904eb869
pool,500000000,8,3,3,114.276760,0.664250,38131,bcab9b7e1b66e1e2ecf07d5ad8cda1503db641d77245c601a86b1102904eb869
pool,500000000,8,3,4,76.000004,0.600090,49753,bcab9b7e1b66e1e2ecf07d5ad8cda1503db641d77245c601a86b1102904eb869
pool,500000000,8,3,5,36.370817,0.506332,67235,bcab9b7e1b66e1e2ecf07d5ad8cda1503db641d77245c601a86b1102904eb869
pool,500000000,8,3,6,44.987011,0.499931,78066,bcab9b7e1b66e1e2ecf07d5ad8cda1503db641d77245c601a86b1102904eb869
pool,500000000,8,3,7,153.458537,0.532166,94136,bcab9b7e1b66e1e2ecf07d5ad8cda1503db641d77245c601a86b1102904eb869
pool,500000000,8,3,8,162.762757,0.462760,67185,bcab9b7e1b66e1e2ecf07d5ad8cda1503db641d77245c601a86b1102904eb869
pool,50000000,1,1,1,2.115785,0.042686,61426,6b874d461162536eddb049086fe81f05297c6c9278c92176a0358a67a34cec8f
pool,50000000,1,2,1,2.092592,0.039216,71525,6b874d461162536eddb049086fe81f05297c6c9278c92176a0358a67a34cec8f
pool,50000000,1,3,1,2.093189,0.040021,90379,6b874d461162536eddb049086fe81f05297c6c9278c92176a0358a67a34cec8f
pool,50000000,2,1,1,5.719841,0.039054,16561,6b874d461162536eddb049086fe81f05297c6c9278c92176a0358a67a34cec8f
pool,50000000,2,1,2,3.907926,0.038961,75461,6b874d461162536eddb049086fe81f05297c6c9278c92176a0358a67a34cec8f
pool,50000000,2,2,1,4.005686,0.040095,95810,6b874d461162536eddb049086fe81f05297c6c9278c92176a0358a67a34cec8f
pool,50000000,2,2,2,4.005884,0.039440,26169,6b874d461162536eddb049086fe81f05297c6c9278c92176a0358a67a34cec8f
pool,50000000,2,3,1,4.040774,0.038872,14107,6b874d461162536eddb049086fe81f05297c6c9278c92176a0358a67a34cec8f
pool,50000000,2,3,2,4.040736,0.038707,52519,6b874d461162536eddb049086fe81f05297c6c9278c92176a0358a67a34cec8f
pool,50000000,4,1,1,3.912877,0.040033,11952,6b874d461162536eddb049086fe81f05297c6c9278c92176a0358a67a34cec8f
pool,50000000,4,1,2,7.940172,0.039679,18144,6b874d461162536eddb049086fe81f05297c6c9278c92176a0358a67a34cec8f
pool,50000000,4,1,3,4.215112,0.039840,22842,6b874d461162536eddb049086fe81f05297c6c9278c92176a0358a67a34cec8f
pool,50000000,4,1,4,8.040906,0.040148,26168,6b874d461162536eddb049086fe81f05297c6c9278c92176a0358a67a34cec8f
pool,50000000,4,2,1,4.009113,0.040835,14877,6b874d461162536eddb049086fe81f05297c6c9278c92176a0358a67a34cec8f
pool,50000000,4,2,2,4.009106,0.039356,22200,6b874d461162536eddb049086fe81f05297c6c9278c92176a0358a67a34cec8f
pool,50000000,4,2,3,8.036284,0.039924,28041,6b874d461162536eddb049086fe81f05297c6c9278c92176a0358a67a34cec8f
pool,50000000,4,2,4,8.438664,0.040889,30856,6b874d461162536eddb049086fe81f05297c6c9278c92176a0358a67a34cec8f
pool,50000000,4,3,1,4.009098,0.039846,12704,6b874d461162536eddb049086fe81f05297c6c9278c92176a0358a67a34cec8f
pool,50000000,4,3,2,8.642566,0.040667,18465,6b874d461162536eddb049086fe81f05297c6c9278c92176a0358a67a34cec8f
pool,50000000,4,3,3,7.837182,0.040701,24858,6b874d461162536eddb049086fe81f05297c6c9278c92176a0358a67a34cec8f
pool,50000000,4,3,4,4.613136,0.040662,61607,6b874d461162536eddb049086fe81f05297c6c9278c92176a0358a67a34cec8f
pool,50000000,8,1,1,4.044236,0.059413,18525,6b874d461162536eddb049086fe81f05297c6c9278c92176a0358a67a34cec8f
pool,50000000,8,1,2,12.031637,0.056153,26530,6b874d461162536eddb049086fe81f05297c6c9278c92176a0358a67a34cec8f
pool,50000000,8,1,3,16.080937,0.039080,38272,6b874d461162536eddb049086fe81f05297c6c9278c92176a0358a67a34cec8f
pool,50000000,8,1,4,8.096526,0.052797,51357,6b874d461162536eddb049086fe81f05297c6c9278c92176a0358a67a34cec8f
pool,50000000,8,1,5,4.044184,0.042731,71354,6b874d461162536eddb049086fe81f05297c6c9278c92176a0358a67a34cec8f
pool,50000000,8,1,6,14.051927,0.060864,63540,6b874d461162536eddb049086fe81f05297c6c9278c92176a0358a67a34cec8f
pool,50000000,8,1,7,16.080988,0.044233,53130,6b874d461162536eddb049086fe81f05297c6c9278c92176a0358a67a34cec8f
pool,50000000,8,1,8,8.096543,0.063559,54513,6b874d461162536eddb049086fe81f05297c6c9278c92176a0358a67a34cec8f
pool,50000000,8,2,1,8.189258,0.039080,13245,6b874d461162536eddb049086fe81f05297c6c9278c92176a0358a67a34cec8f
pool,50000000,8,2,2,4.093376,0.038952,20398,6b874d461162536eddb049086fe81f05297c6c9278c92176a0358a67a34cec8f
pool,50000000,8,2,3,7.984294,0.039134,28504,6b874d461162536eddb049086fe81f05297c6c9278c92176a0358a67a34cec8f
pool,50000000,8,2,4,4.094159,0.038809,43602,6b874d461162536eddb049086fe81f05297c6c9278c92176a0358a67a34cec8f
pool,50000000,8,2,5,16.048953,0.038846,56696,6b874d461162536eddb049086fe81f05297c6c9278c92176a0358a67a34cec8f
pool,50000000,8,2,6,11.968460,0.038772,72817,6b874d461162536eddb049086fe81f05297c6c9278c92176a0358a67a34cec8f
pool,50000000,8,2,7,15.947201,0.038544,86122,6b874d461162536eddb049086fe81f05297c6c9278c92176a0358a67a34cec8f
pool,50000000,8,2,8,12.172098,0.038693,43422,6b874d461162536eddb049086fe81f05297c6c9278c92176a0358a67a34cec8f
pool,50000000,8,3,1,4.060905,0.041747,15119,6b874d461162536eddb049086fe81f05297c6c9278c92176a0358a67a34cec8f
pool,50000000,8,3,2,4.061089,0.039823,21260,6b874d461162536eddb049086fe81f05297c6c9278c92176a0358a67a34cec8f
pool,50000000,8,3,3,8.038878,0.039334,30387,6b874d461162536eddb049086fe81f05297c6c9278c92176a0358a67a34cec8f
pool,50000000,8,3,4,8.038962,0.038840,39344,6b874d461162536eddb049086fe81f05297c6c9278c92176a0358a67a34cec8f
pool,50000000,8,3,5,16.073334,0.038811,50505,6b874d461162536eddb049086fe81f05297c6c9278c92176a0358a67a34cec8f
pool,50000000,8,3,6,12.004904,0.040296,78938,6b874d461162536eddb049086fe81f05297c6c9278c92176a0358a67a34cec8f
pool,50000000,8,3,7,12.004918,0.039426,65062,6b874d461162536eddb049086fe81f05297c6c9278c92176a0358a67a34cec8f
pool,50000000,8,3,8,16.073304,0.039372,174337,6b874d461162536eddb049086fe81f05297c6c9278c92176a0358a67a34cec8f
pool,5000000,1,1,1,0.284362,0.004217,43311,9057927ba06205f3be4765fe0b7bd4a3bd7c5896bc31fccb4e4d82b093f77d7a
pool,5000000,1,2,1,0.284034,0.004383,29875,9057927ba06205f3be4765fe0b7bd4a3bd7c5896bc31fccb4e4d82b093f77d7a
pool,5000000,1,3,1,0.284117,0.004197,66936,9057927ba06205f3be4765fe0b7bd4a3bd7c5896bc31fccb4e4d82b093f77d7a
pool,5000000,2,1,1,0.484307,0.004376,29796,9057927ba06205f3be4765fe0b7bd4a3bd7c5896bc31fccb4e4d82b093f77d7a
pool,5000000,2,1,2,0.484277,0.004367,60013,9057927ba06205f3be4765fe0b7bd4a3bd7c5896bc31fccb4e4d82b093f77d7a
pool,5000000,2,2,1,0.484305,0.004053,23104,9057927ba06205f3be4765fe0b7bd4a3bd7c5896bc31fccb4e4d82b093f77d7a
pool,5000000,2,2,2,0.484280,0.004213,48963,9057927ba06205f3be4765fe0b7bd4a3bd7c5896bc31fccb4e4d82b093f77d7a
pool,5000000,2,3,1,0.483556,0.003903,41319,9057927ba06205f3be4765fe0b7bd4a3bd7c5896bc31fccb4e4d82b093f77d7a
pool,5000000,2,3,2,0.483561,0.003904,52139,9057927ba06205f3be4765fe0b7bd4a3bd7c5896bc31fccb4e4d82b093f77d7a
pool,5000000,4,1,1,0.888756,0.004100,17984,9057927ba06205f3be4765fe0b7bd4a3bd7c5896bc31fccb4e4d82b093f77d7a
pool,5000000,4,1,2,0.888748,0.004233,26369,9057927ba06205f3be4765fe0b7bd4a3bd7c5896bc31fccb4e4d82b093f77d7a
pool,5000000,4,1,3,0.486393,0.004189,37309,9057927ba06205f3be4765fe0b7bd4a3bd7c5896bc31fccb4e4d82b093f77d7a
pool,5000000,4,1,4,0.486403,0.005607,27431,9057927ba06205f3be4765fe0b7bd4a3bd7c5896bc31fccb4e4d82b093f77d7a
pool,5000000,4,2,1,0.890013,0.003990,21110,9057927ba06205f3be4765fe0b7bd4a3bd7c5896bc31fccb4e4d82b093f77d7a
pool,5000000,4,2,2,0.487164,0.004232,28283,9057927ba06205f3be4765fe0b7bd4a3bd7c5896bc31fccb4e4d82b093f77d7a
pool,5000000,4,2,3,0.890054,0.003958,34645,9057927ba06205f3be4765fe0b7bd4a3bd7c5896bc31fccb4e4d82b093f77d7a
pool,5000000,4,2,4,0.487128,0.003888,65102,9057927ba06205f3be4765fe0b7bd4a3bd7c5896bc31fccb4e4d82b093f77d7a
pool,5000000,4,3,1,0.485589,0.004010,11752,9057927ba06205f3be4765fe0b7bd4a3bd7c5896bc31fccb4e4d82b093f77d7a
pool,5000000,4,3,2,0.888871,0.004206,18455,9057927ba06205f3be4765fe0b7bd4a3bd7c5896bc31fccb4e4d82b093f77d7a
pool,5000000,4,3,3,0.888904,0.004023,23494,9057927ba06205f3be4765fe0b7bd4a3bd7c5896bc31fccb4e4d82b093f77d7a
pool,5000000,4,3,4,0.485613,0.004045,29054,9057927ba06205f3be4765fe0b7bd4a3bd7c5896bc31fccb4e4d82b093f77d7a
pool,5000000,8,1,1,0.486754,0.004035,37500,9057927ba06205f3be4765fe0b7bd4a3bd7c5896bc31fccb4e4d82b093f77d7a
pool,5000000,8,1,2,0.486816,0.003926,37530,9057927ba06205f3be4765fe0b7bd4a3bd7c5896bc31fccb4e4d82b093f77d7a
pool,5000000,8,1,3,1.295812,0.003962,50033,9057927ba06205f3be4765fe0b7bd4a3bd7c5896bc31fccb4e4d82b093f77d7a
pool,5000000,8,1,4,1.295806,0.004093,56295,9057927ba06205f3be4765fe0b7bd4a3bd7c5896bc31fccb4e4d82b093f77d7a
pool,5000000,8,1,5,0.890493,0.003937,71574,9057927ba06205f3be4765fe0b7bd4a3bd7c5896bc31fccb4e4d82b093f77d7a
pool,5000000,8,1,6,0.890491,0.004081,89497,9057927ba06205f3be4765fe0b7bd4a3bd7c5896bc31fccb4e4d82b093f77d7a
pool,5000000,8,1,7,1.699529,0.004028,103634,9057927ba06205f3be4765fe0b7bd4a3bd7c5896bc31fccb4e4d82b093f77d7a
pool,5000000,8,1,8,1.699585,0.003909,47058,9057927ba06205f3be4765fe0b7bd4a3bd7c5896bc31fccb4e4d82b093f77d7a
pool,5000000,8,2,1,0.891732,0.003906,16360,9057927ba06205f3be4765fe0b7bd4a3bd7c5896bc31fccb4e4d82b093f77d7a
pool,5000000,8,2,2,1.698823,0.004154,22532,9057927ba06205f3be4765fe0b7bd4a3bd7c5896bc31fccb4e4d82b093f77d7a
pool,5000000,8,2,3,1.295570,0.004153,27661,9057927ba06205f3be4765fe0b7bd4a3bd7c5896bc31fccb4e4d82b093f77d7a
pool,5000000,8,2,4,1.698860,0.004089,33923,9057927ba06205f3be4765fe0b7bd4a3bd7c5896bc31fccb4e4d82b093f77d7a
pool,5000000,8,2,5,1.295556,0.004197,41878,9057927ba06205f3be4765fe0b7bd4a3bd7c5896bc31fccb4e4d82b093f77d7a
pool,5000000,8,2,6,0.488108,0.004274,52177,9057927ba06205f3be4765fe0b7bd4a3bd7c5896bc31fccb4e4d82b093f77d7a
pool,5000000,8,2,7,0.891836,0.003932,59140,9057927ba06205f3be4765fe0b7bd4a3bd7c5896bc31fccb4e4d82b093f77d7a
pool,5000000,8,2,8,0.488141,0.003999,18634,9057927ba06205f3be4765fe0b7bd4a3bd7c5896bc31fccb4e4d82b093f77d7a
pool,5000000,8,3,1,1.700669,0.004075,15289,9057927ba06205f3be4765fe0b7bd4a3bd7c5896bc31fccb4e4d82b093f77d7a
pool,5000000,8,3,2,1.296519,0.003948,23234,9057927ba06205f3be4765fe0b7bd4a3bd7c5896bc31fccb4e4d82b093f77d7a
pool,5000000,8,3,3,1.296511,0.004481,31499,9057927ba06205f3be4765fe0b7bd4a3bd7c5896bc31fccb4e4d82b093f77d7a
pool,5000000,8,3,4,0.892444,0.003955,43612,9057927ba06205f3be4765fe0b7bd4a3bd7c5896bc31fccb4e4d82b093f77d7a
pool,5000000,8,3,5,1.700709,0.003875,61285,9057927ba06205f3be4765fe0b7bd4a3bd7c5896bc31fccb4e4d82b093f77d7a
pool,5000000,8,3,6,0.488332,0.003886,71464,9057927ba06205f3be4765fe0b7bd4a3bd7c5896bc31fccb4e4d82b093f77d7a
pool,5000000,8,3,7,0.488396,0.003870,7575,9057927ba06205f3be4765fe0b7bd4a3bd7c5896bc31fccb4e4d82b093f77d7a
pool,5000000,8,3,8,0.892437,0.003832,51617,9057927ba06205f3be4765fe0b7bd4a3bd7c5896bc31fccb4e4d82b093f77d7a
sequencial,500000000,1,1,1,30.267274,0.456939,118065,bcab9b7e1b66e1e2ecf07d5ad8cda1503db641d77245c601a86b1102904eb869
sequencial,500000000,1,2,1,29.712641,0.538891,97613,bcab9b7e1b66e1e2ecf07d5ad8cda1503db641d77245c601a86b1102904eb869
sequencial,500000000,1,3,1,27.328348,0.446521,158008,bcab9b7e1b66e1e2ecf07d5ad8cda1503db641d77245c601a86b1102904eb869
sequencial,500000000,2,1,1,34.090525,0.448164,7734,bcab9b7e1b66e1e2ecf07d5ad8cda1503db641d77245c601a86b1102904eb869
sequencial,500000000,2,1,2,63.626333,0.444373,149550,bcab9b7e1b66e1e2ecf07d5ad8cda1503db641d77245c601a86b1102904eb869
sequencial,500000000,2,2,1,23.723553,0.457483,72305,bcab9b7e1b66e1e2ecf07d5ad8cda1503db641d77245c601a86b1102904eb869
sequencial,500000000,2,2,2,52.287861,0.436757,101619,bcab9b7e1b66e1e2ecf07d5ad8cda1503db641d77245c601a86b1102904eb869
sequencial,500000000,2,3,1,20.997452,0.544527,9317,bcab9b7e1b66e1e2ecf07d5ad8cda1503db641d77245c601a86b1102904eb869
sequencial,500000000,2,3,2,48.865343,0.570627,118052,bcab9b7e1b66e1e2ecf07d5ad8cda1503db641d77245c601a86b1102904eb869
sequencial,500000000,4,1,1,84.177248,0.662660,19767,bcab9b7e1b66e1e2ecf07d5ad8cda1503db641d77245c601a86b1102904eb869
sequencial,500000000,4,1,2,117.154946,0.581510,35106,bcab9b7e1b66e1e2ecf07d5ad8cda1503db641d77245c601a86b1102904eb869
sequencial,500000000,4,1,3,57.953263,0.551944,42790,bcab9b7e1b66e1e2ecf07d5ad8cda1503db641d77245c601a86b1102904eb869
sequencial,500000000,4,1,4,29.584018,0.452480,79789,bcab9b7e1b66e1e2ecf07d5ad8cda1503db641d77245c601a86b1102904eb869
sequencial,500000000,4,2,1,31.291044,0.481460,11752,bcab9b7e1b66e1e2ecf07d5ad8cda1503db641d77245c601a86b1102904eb869
sequencial,500000000,4,2,2,64.310751,0.631566,18224,bcab9b7e1b66e1e2ecf07d5ad8cda1503db641d77245c601a86b1102904eb869
sequencial,500000000,4,2,3,112.723659,0.754929,21971,bcab9b7e1b66e1e2ecf07d5ad8cda1503db641d77245c601a86b1102904eb869
sequencial,500000000,4,2,4,88.365773,0.482127,26329,bcab9b7e1b66e1e2ecf07d5ad8cda1503db641d77245c601a86b1102904eb869
sequencial,500000000,4,3,1,30.415733,0.558350,140253,bcab9b7e1b66e1e2ecf07d5ad8cda1503db641d77245c601a86b1102904eb869
sequencial,500000000,4,3,2,107.051655,0.849683,271630,bcab9b7e1b66e1e2ecf07d5ad8cda1503db641d77245c601a86b1102904eb869
sequencial,500000000,4,3,3,82.087515,0.715908,341922,bcab9b7e1b66e1e2ecf07d5ad8cda1503db641d77245c601a86b1102904eb869
sequencial,500000000,4,3,4,59.841586,0.490719,24686,bcab9b7e1b66e1e2ecf07d5ad8cda1503db641d77245c601a86b1102904eb869
sequencial,500000000,8,1,1,51.366107,0.496964,17343,bcab9b7e1b66e1e2ecf07d5ad8cda1503db641d77245c601a86b1102904eb869
sequencial,500000000,8,1,2,30.475979,0.501762,25708,bcab9b7e1b66e1e2ecf07d5ad8cda1503db641d77245c601a86b1102904eb869
sequencial,500000000,8,1,3,192.965035,0.566255,41037,bcab9b7e1b66e1e2ecf07d5ad8cda1503db641d77245c601a86b1102904eb869
sequencial,500000000,8,1,4,163.689459,0.498113,55986,bcab9b7e1b66e1e2ecf07d5ad8cda1503db641d77245c601a86b1102904eb869
sequencial,500000000,8,1,5,134.325808,0.567996,64852,bcab9b7e1b66e1e2ecf07d5ad8cda1503db641d77245c601a86b1102904eb869
sequencial,500000000,8,1,6,222.245161,0.502444,119756,bcab9b7e1b66e1e2ecf07d5ad8cda1503db641d77245c601a86b1102904eb869
sequencial,500000000,8,1,7,83.861870,0.743081,5470,bcab9b7e1b66e1e2ecf07d5ad8cda1503db641d77245c601a86b1102904eb869
sequencial,500000000,8,1,8,107.796835,0.732552,139714,bcab9b7e1b66e1e2ecf07d5ad8cda1503db641d77245c601a86b1102904eb869
sequencial,500000000,8,2,1,30.273504,0.449292,14778,bcab9b7e1b66e1e2ecf07d5ad8cda1503db641d77245c601a86b1102904eb869
sequencial,500000000,8,2,2,149.494992,0.451101,21691,bcab9b7e1b66e1e2ecf07d5ad8cda1503db641d77245c601a86b1102904eb869
sequencial,500000000,8,2,3,119.811043,0.453147,37610,bcab9b7e1b66e1e2ecf07d5ad8cda1503db641d77245c601a86b1102904eb869
sequencial,500000000,8,2,4,59.480951,0.498446,10810,bcab9b7e1b66e1e2ecf07d5ad8cda1503db641d77245c601a86b1102904eb869
sequencial,500000000,8,2,5,222.116412,0.684295,63609,bcab9b7e1b66e1e2ecf07d5ad8cda1503db641d77245c601a86b1102904eb869
sequencial,500000000,8,2,6,173.219545,0.521103,53921,bcab9b7e1b66e1e2ecf07d5ad8cda1503db641d77245c601a86b1102904eb869
sequencial,500000000,8,2,7,201.927105,0.509497,9608,bcab9b7e1b66e1e2ecf07d5ad8cda1503db641d77245c601a86b1102904eb869
sequencial,500000000,8,2,8,91.164864,0.461428,53680,bcab9b7e1b66e1e2ecf07d5ad8cda1503db641d77245c601a86b1102904eb869
sequencial,500000000,8,3,1,28.902435,0.768742,131211,bcab9b7e1b66e1e2ecf07d5ad8cda1503db641d77245c601a86b1102904eb869
sequencial,500000000,8,3,2,76.810548,0.490239,28733,bcab9b7e1b66e1e2ecf07d5ad8cda1503db641d77245c601a86b1102904eb869
sequencial,500000000,8,3,3,130.694942,0.540865,40574,bcab9b7e1b66e1e2ecf07d5ad8cda1503db641d77245c601a86b1102904eb869
sequencial,500000000,8,3,4,53.031178,0.674067,65209,bcab9b7e1b66e1e2ecf07d5ad8cda1503db641d77245c601a86b1102904eb869
sequencial,500000000,8,3,5,223.434404,0.618734,231484,bcab9b7e1b66e1e2ecf07d5ad8cda1503db641d77245c601a86b1102904eb869
sequencial,500000000,8,3,6,161.310824,0.529423,292767,bcab9b7e1b66e1e2ecf07d5ad8cda1503db641d77245c601a86b1102904eb869
sequencial,500000000,8,3,7,191.935576,0.611129,1151152,bcab9b7e1b66e1e2ecf07d5ad8cda1503db641d77245c601a86b1102904eb869
sequencial,500000000,8,3,8,107.279944,0.762273,22060,bcab9b7e1b66e1e2ecf07d5ad8cda1503db641d77245c601a86b1102904eb869
sequencial,50000000,1,1,1,2.092294,0.040137,87524,6b874d461162536eddb049086fe81f05297c6c9278c92176a0358a67a34cec8f
sequencial,50000000,1,2,1,4.004141,0.040644,79559,6b874d461162536eddb049086fe81f05297c6c9278c92176a0358a67a34cec8f
sequencial,50000000,1,3,1,2.098565,0.039708,75992,6b874d461162536eddb049086fe81f05297c6c9278c92176a0358a67a34cec8f
sequencial,50000000,2,1,1,4.206265,0.040865,36568,6b874d461162536eddb049086fe81f05297c6c9278c92176a0358a67a34cec8f
sequencial,50000000,2,1,2,2.095047,0.040310,29615,6b874d461162536eddb049086fe81f05297c6c9278c92176a0358a67a34cec8f
sequencial,50000000,2,2,1,6.205565,0.040210,19727,6b874d461162536eddb049086fe81f05297c6c9278c92176a0358a67a34cec8f
sequencial,50000000,2,2,2,2.396133,0.040651,62237,6b874d461162536eddb049086fe81f05297c6c9278c92176a0358a67a34cec8f
sequencial,50000000,2,3,1,2.095209,0.041108,32952,6b874d461162536eddb049086fe81f05297c6c9278c92176a0358a67a34cec8f
sequencial,50000000,2,3,2,4.108155,0.041613,69951,6b874d461162536eddb049086fe81f05297c6c9278c92176a0358a67a34cec8f
sequencial,50000000,4,1,1,6.229896,0.041326,30636,6b874d461162536eddb049086fe81f05297c6c9278c92176a0358a67a34cec8f
sequencial,50000000,4,1,2,8.243549,0.039965,39383,6b874d461162536eddb049086fe81f05297c6c9278c92176a0358a67a34cec8f
sequencial,50000000,4,1,3,2.103585,0.039786,47698,6b874d461162536eddb049086fe81f05297c6c9278c92176a0358a67a34cec8f
sequencial,50000000,4,1,4,4.116305,0.039629,31498,6b874d461162536eddb049086fe81f05297c6c9278c92176a0358a67a34cec8f
sequencial,50000000,4,2,1,3.221352,0.039905,99194,6b874d461162536eddb049086fe81f05297c6c9278c92176a0358a67a34cec8f
sequencial,50000000,4,2,2,5.251765,0.039301,105756,6b874d461162536eddb049086fe81f05297c6c9278c92176a0358a67a34cec8f
sequencial,50000000,4,2,3,9.417948,0.039235,113410,6b874d461162536eddb049086fe81f05297c6c9278c92176a0358a67a34cec8f
sequencial,50000000,4,2,4,7.368420,0.039390,110715,6b874d461162536eddb049086fe81f05297c6c9278c92176a0358a67a34cec8f
sequencial,50000000,4,3,1,4.119305,0.039718,15640,6b874d461162536eddb049086fe81f05297c6c9278c92176a0358a67a34cec8f
sequencial,50000000,4,3,2,2.102529,0.039800,21891,6b874d461162536eddb049086fe81f05297c6c9278c92176a0358a67a34cec8f
sequencial,50000000,4,3,3,8.250969,0.041365,27111,6b874d461162536eddb049086fe81f05297c6c9278c92176a0358a67a34cec8f
sequencial,50000000,4,3,4,6.235663,0.039738,50735,6b874d461162536eddb049086fe81f05297c6c9278c92176a0358a67a34cec8f
sequencial,50000000,8,1,1,6.148352,0.038845,19646,6b874d461162536eddb049086fe81f05297c6c9278c92176a0358a67a34cec8f
sequencial,50000000,8,1,2,2.105035,0.039307,25367,6b874d461162536eddb049086fe81f05297c6c9278c92176a0358a67a34cec8f
sequencial,50000000,8,1,3,14.435914,0.038522,39123,6b874d461162536eddb049086fe81f05297c6c9278c92176a0358a67a34cec8f
sequencial,50000000,8,1,4,4.127614,0.038539,47027,6b874d461162536eddb049086fe81f05297c6c9278c92176a0358a67a34cec8f
sequencial,50000000,8,1,5,12.311001,0.039230,58529,6b874d461162536eddb049086fe81f05297c6c9278c92176a0358a67a34cec8f
sequencial,50000000,8,1,6,16.457484,0.038688,71092,6b874d461162536eddb049086fe81f05297c6c9278c92176a0358a67a34cec8f
sequencial,50000000,8,1,7,10.292235,0.038603,4899,6b874d461162536eddb049086fe81f05297c6c9278c92176a0358a67a34cec8f
sequencial,50000000,8,1,8,8.270995,0.038418,122569,6b874d461162536eddb049086fe81f05297c6c9278c92176a0358a67a34cec8f
sequencial,50000000,8,2,1,10.185258,0.062478,15679,6b874d461162536eddb049086fe81f05297c6c9278c92176a0358a67a34cec8f
sequencial,50000000,8,2,2,16.344297,0.054952,22903,6b874d461162536eddb049086fe81f05297c6c9278c92176a0358a67a34cec8f
sequencial,50000000,8,2,3,12.306186,0.041234,31489,6b874d461162536eddb049086fe81f05297c6c9278c92176a0358a67a34cec8f
sequencial,50000000,8,2,4,18.363667,0.043140,42690,6b874d461162536eddb049086fe81f05297c6c9278c92176a0358a67a34cec8f
sequencial,50000000,8,2,5,4.229982,0.051536,65213,6b874d461162536eddb049086fe81f05297c6c9278c92176a0358a67a34cec8f
sequencial,50000000,8,2,6,16.243569,0.055336,76574,6b874d461162536eddb049086fe81f05297c6c9278c92176a0358a67a34cec8f
sequencial,50000000,8,2,7,2.209817,0.048307,3266,6b874d461162536eddb049086fe81f05297c6c9278c92176a0358a67a34cec8f
sequencial,50000000,8,2,8,8.063949,0.042047,51527,6b874d461162536eddb049086fe81f05297c6c9278c92176a0358a67a34cec8f
sequencial,50000000,8,3,1,2.412191,0.038489,10600,6b874d461162536eddb049086fe81f05297c6c9278c92176a0358a67a34cec8f
sequencial,50000000,8,3,2,12.528898,0.038601,18615,6b874d461162536eddb049086fe81f05297c6c9278c92176a0358a67a34cec8f
sequencial,50000000,8,3,3,16.572164,0.038901,25809,6b874d461162536eddb049086fe81f05297c6c9278c92176a0358a67a34cec8f
sequencial,50000000,8,3,4,4.235013,0.039932,33453,6b874d461162536eddb049086fe81f05297c6c9278c92176a0358a67a34cec8f
sequencial,50000000,8,3,5,6.256267,0.039926,47429,6b874d461162536eddb049086fe81f05297c6c9278c92176a0358a67a34cec8f
sequencial,50000000,8,3,6,14.550519,0.040220,65393,6b874d461162536eddb049086fe81f05297c6c9278c92176a0358a67a34cec8f
sequencial,50000000,8,3,7,10.506794,0.039000,78547,6b874d461162536eddb049086fe81f05297c6c9278c92176a0358a67a34cec8f
sequencial,50000000,8,3,8,8.378660,0.039379,43061,6b874d461162536eddb049086fe81f05297c6c9278c92176a0358a67a34cec8f
sequencial,5000000,1,1,1,0.283037,0.004299,113492,9057927ba06205f3be4765fe0b7bd4a3bd7c5896bc31fccb4e4d82b093f77d7a
sequencial,5000000,1,2,1,0.283834,0.004243,79382,9057927ba06205f3be4765fe0b7bd4a3bd7c5896bc31fccb4e4d82b093f77d7a
sequencial,5000000,1,3,1,0.283160,0.004173,101163,9057927ba06205f3be4765fe0b7bd4a3bd7c5896bc31fccb4e4d82b093f77d7a
sequencial,5000000,2,1,1,0.484531,0.003968,19106,9057927ba06205f3be4765fe0b7bd4a3bd7c5896bc31fccb4e4d82b093f77d7a
sequencial,5000000,2,1,2,0.283391,0.004160,56126,9057927ba06205f3be4765fe0b7bd4a3bd7c5896bc31fccb4e4d82b093f77d7a
sequencial,5000000,2,2,1,0.484546,0.004144,10690,9057927ba06205f3be4765fe0b7bd4a3bd7c5896bc31fccb4e4d82b093f77d7a
sequencial,5000000,2,2,2,0.283475,0.003864,60825,9057927ba06205f3be4765fe0b7bd4a3bd7c5896bc31fccb4e4d82b093f77d7a
sequencial,5000000,2,3,1,0.486812,0.004366,51757,9057927ba06205f3be4765fe0b7bd4a3bd7c5896bc31fccb4e4d82b093f77d7a
sequencial,5000000,2,3,2,0.285748,0.004357,27802,9057927ba06205f3be4765fe0b7bd4a3bd7c5896bc31fccb4e4d82b093f77d7a
sequencial,5000000,4,1,1,0.486436,0.004411,34525,9057927ba06205f3be4765fe0b7bd4a3bd7c5896bc31fccb4e4d82b093f77d7a
sequencial,5000000,4,1,2,0.285111,0.004444,44363,9057927ba06205f3be4765fe0b7bd4a3bd7c5896bc31fccb4e4d82b093f77d7a
sequencial,5000000,4,1,3,0.889292,0.004165,49152,9057927ba06205f3be4765fe0b7bd4a3bd7c5896bc31fccb4e4d82b093f77d7a
sequencial,5000000,4,1,4,0.687776,0.004365,62167,9057927ba06205f3be4765fe0b7bd4a3bd7c5896bc31fccb4e4d82b093f77d7a
sequencial,5000000,4,2,1,0.486877,0.004249,19156,9057927ba06205f3be4765fe0b7bd4a3bd7c5896bc31fccb4e4d82b093f77d7a
sequencial,5000000,4,2,2,0.688334,0.004005,23945,9057927ba06205f3be4765fe0b7bd4a3bd7c5896bc31fccb4e4d82b093f77d7a
sequencial,5000000,4,2,3,0.889811,0.003942,17373,9057927ba06205f3be4765fe0b7bd4a3bd7c5896bc31fccb4e4d82b093f77d7a
sequencial,5000000,4,2,4,0.285247,0.003963,49723,9057927ba06205f3be4765fe0b7bd4a3bd7c5896bc31fccb4e4d82b093f77d7a
sequencial,5000000,4,3,1,0.485275,0.004138,18234,9057927ba06205f3be4765fe0b7bd4a3bd7c5896bc31fccb4e4d82b093f77d7a
sequencial,5000000,4,3,2,0.888503,0.004269,33983,9057927ba06205f3be4765fe0b7bd4a3bd7c5896bc31fccb4e4d82b093f77d7a
sequencial,5000000,4,3,3,0.284142,0.004140,26379,9057927ba06205f3be4765fe0b7bd4a3bd7c5896bc31fccb4e4d82b093f77d7a
sequencial,5000000,4,3,4,0.686399,0.003972,67746,9057927ba06205f3be4765fe0b7bd4a3bd7c5896bc31fccb4e4d82b093f77d7a
sequencial,5000000,8,1,1,0.893042,0.004289,44173,9057927ba06205f3be4765fe0b7bd4a3bd7c5896bc31fccb4e4d82b093f77d7a
sequencial,5000000,8,1,2,1.701212,0.004228,54924,9057927ba06205f3be4765fe0b7bd4a3bd7c5896bc31fccb4e4d82b093f77d7a
sequencial,5000000,8,1,3,0.489650,0.004235,87214,9057927ba06205f3be4765fe0b7bd4a3bd7c5896bc31fccb4e4d82b093f77d7a
sequencial,5000000,8,1,4,0.287354,0.004235,70433,9057927ba06205f3be4765fe0b7bd4a3bd7c5896bc31fccb4e4d82b093f77d7a
sequencial,5000000,8,1,5,1.498080,0.003996,113834,9057927ba06205f3be4765fe0b7bd4a3bd7c5896bc31fccb4e4d82b093f77d7a
sequencial,5000000,8,1,6,1.296452,0.004098,118413,9057927ba06205f3be4765fe0b7bd4a3bd7c5896bc31fccb4e4d82b093f77d7a
sequencial,5000000,8,1,7,1.095001,0.004516,27983,9057927ba06205f3be4765fe0b7bd4a3bd7c5896bc31fccb4e4d82b093f77d7a
sequencial,5000000,8,1,8,0.691603,0.004270,110408,9057927ba06205f3be4765fe0b7bd4a3bd7c5896bc31fccb4e4d82b093f77d7a
sequencial,5000000,8,2,1,1.310501,0.004105,15990,9057927ba06205f3be4765fe0b7bd4a3bd7c5896bc31fccb4e4d82b093f77d7a
sequencial,5000000,8,2,2,1.513870,0.003996,25228,9057927ba06205f3be4765fe0b7bd4a3bd7c5896bc31fccb4e4d82b093f77d7a
sequencial,5000000,8,2,3,1.718222,0.004008,30988,9057927ba06205f3be4765fe0b7bd4a3bd7c5896bc31fccb4e4d82b093f77d7a
sequencial,5000000,8,2,4,0.903561,0.004039,38843,9057927ba06205f3be4765fe0b7bd4a3bd7c5896bc31fccb4e4d82b093f77d7a
sequencial,5000000,8,2,5,0.699141,0.004740,46948,9057927ba06205f3be4765fe0b7bd4a3bd7c5896bc31fccb4e4d82b093f77d7a
sequencial,5000000,8,2,6,1.107071,0.004103,67276,9057927ba06205f3be4765fe0b7bd4a3bd7c5896bc31fccb4e4d82b093f77d7a
sequencial,5000000,8,2,7,0.494080,0.003977,80752,9057927ba06205f3be4765fe0b7bd4a3bd7c5896bc31fccb4e4d82b093f77d7a
sequencial,5000000,8,2,8,0.290885,0.003967,49183,9057927ba06205f3be4765fe0b7bd4a3bd7c5896bc31fccb4e4d82b093f77d7a
sequencial,5000000,8,3,1,0.288139,0.004114,173378,9057927ba06205f3be4765fe0b7bd4a3bd7c5896bc31fccb4e4d82b093f77d7a
sequencial,5000000,8,3,2,0.490136,0.004186,184699,9057927ba06205f3be4765fe0b7bd4a3bd7c5896bc31fccb4e4d82b093f77d7a
sequencial,5000000,8,3,3,0.895749,0.004156,239052,9057927ba06205f3be4765fe0b7bd4a3bd7c5896bc31fccb4e4d82b093f77d7a
sequencial,5000000,8,3,4,1.298925,0.004143,251435,9057927ba06205f3be4765fe0b7bd4a3bd7c5896bc31fccb4e4d82b093f77d7a
sequencial,5000000,8,3,5,1.501256,0.004182,264049,9057927ba06205f3be4765fe0b7bd4a3bd7c5896bc31fccb4e4d82b093f77d7a
sequencial,5000000,8,3,6,1.703482,0.004388,273417,9057927ba06205f3be4765fe0b7bd4a3bd7c5896bc31fccb4e4d82b093f77d7a
sequencial,5000000,8,3,7,0.693926,0.004094,56577,9057927ba06205f3be4765fe0b7bd4a3bd7c5896bc31fccb4e4d82b093f77d7a
sequencial,5000000,8,3,8,1.097410,0.008090,206350,9057927ba06205f3be4765fe0b7bd4a3bd7c5896bc31fccb4e4d82b093f77d7a
