arquitetura,bytes,clientes,repeticao,min_s,media_s,max_s,makespan_s,desvio_inicio_ms,pico_servidor,upload_seed_bytes,upload_peers_bytes
bittorrent,500000000,1,1,78.133877,78.133877,78.133877,78.134619,0.000,0,500396734,0
bittorrent,500000000,1,2,102.869424,102.869424,102.869424,102.869969,0.000,0,500396734,0
bittorrent,500000000,1,3,103.430754,103.430754,103.430754,103.430879,0.000,0,500396734,0
bittorrent,500000000,2,1,59.697397,61.661484,63.625572,63.625589,0.010,0,580587549,425420165
bittorrent,500000000,2,2,59.609033,59.659389,59.709745,59.709885,0.214,0,557959689,443620835
bittorrent,500000000,2,3,60.836282,60.886573,60.936864,60.937286,0.000,0,595738377,419140114
bittorrent,500000000,4,1,44.197923,44.842733,45.754472,45.754518,0.132,0,775320894,1262355839
bittorrent,500000000,4,2,44.288733,46.618210,48.541223,48.541489,0.263,0,765499091,1265536857
bittorrent,500000000,4,3,49.255417,51.020991,54.757752,54.757772,0.050,0,837990228,1194931375
bittorrent,500000000,8,1,47.391920,48.278734,49.256031,49.256291,0.229,0,897920549,3260477367
bittorrent,500000000,8,2,48.295785,48.643991,49.189601,49.189661,0.060,0,884734132,3306230920
bittorrent,500000000,8,3,47.901010,48.470264,49.117186,49.118219,0.082,0,887156526,3284384688
bittorrent,50000000,1,1,25.518410,25.518410,25.518410,25.518490,0.000,0,50039676,0
bittorrent,50000000,1,2,23.613304,23.613304,23.613304,23.613352,0.000,0,50039676,0
bittorrent,50000000,1,3,23.984563,23.984563,23.984563,23.985190,0.000,0,50039676,0
bittorrent,50000000,2,1,24.356454,24.356511,24.356567,24.356619,0.112,0,100079352,0
bittorrent,50000000,2,2,25.647791,25.647808,25.647825,25.647857,0.035,0,100079352,0
bittorrent,50000000,2,3,24.178452,24.179399,24.180347,24.180427,0.035,0,100079352,0
bittorrent,50000000,4,1,25.751156,25.751231,25.751335,25.751369,0.119,0,200158704,0
bittorrent,50000000,4,2,24.428692,24.442430,24.448226,24.448247,0.052,0,200158704,0
bittorrent,50000000,4,3,24.028837,24.331224,25.037182,25.037197,0.013,0,200076719,81985
bittorrent,50000000,8,1,29.600637,29.601031,29.601386,29.601405,0.747,0,400317408,0
bittorrent,50000000,8,2,28.510116,28.700192,29.017012,29.017062,0.069,0,400317408,0
bittorrent,50000000,8,3,28.283491,29.062508,29.317845,29.317891,0.106,0,400317408,0
bittorrent,5000000,1,1,14.290992,14.290992,14.290992,14.291086,0.000,0,5003978,0
bittorrent,5000000,1,2,14.097085,14.097085,14.097085,14.097155,0.000,0,5003978,0
bittorrent,5000000,1,3,14.184623,14.184623,14.184623,14.184711,0.000,0,5003978,0
bittorrent,5000000,2,1,14.199465,14.199472,14.199480,14.199519,0.016,0,10007956,0
bittorrent,5000000,2,2,14.436413,14.437027,14.437641,14.437806,0.136,0,10007956,0
bittorrent,5000000,2,3,14.000592,14.008294,14.015995,14.016055,0.056,0,10007956,0
bittorrent,5000000,4,1,14.203944,14.505853,14.606496,14.606506,0.041,0,20015912,0
bittorrent,5000000,4,2,14.216357,14.417570,14.618790,14.618818,0.059,0,20015912,0
bittorrent,5000000,4,3,14.461221,14.662574,14.863966,14.864009,0.206,0,20015912,0
bittorrent,5000000,8,1,15.038802,15.227989,15.543275,15.543306,0.071,0,40031824,0
bittorrent,5000000,8,2,14.749654,15.065070,15.254351,15.254515,0.078,0,40031824,0
bittorrent,5000000,8,3,15.560852,15.561802,15.561955,15.561985,0.059,0,40031824,0
paralelo,500000000,1,1,28.036171,28.036171,28.036171,28.036549,0.000,1,0,0
paralelo,500000000,1,2,28.536864,28.536864,28.536864,28.536959,0.000,1,0,0
paralelo,500000000,1,3,23.115128,23.115128,23.115128,23.115204,0.000,1,0,0
paralelo,500000000,2,1,42.727385,43.380866,44.034346,44.034405,0.012,2,0,0
paralelo,500000000,2,2,39.775162,40.786436,41.797709,41.797761,0.042,2,0,0
paralelo,500000000,2,3,38.010094,40.728132,43.446171,43.446249,0.065,2,0,0
paralelo,500000000,4,1,79.681278,79.857399,80.083865,80.083890,0.048,4,0,0
paralelo,500000000,4,2,80.085173,80.085219,80.085326,80.085346,0.152,4,0,0
paralelo,500000000,4,3,80.032440,80.032477,80.032510,80.032530,0.054,4,0,0
paralelo,500000000,8,1,160.021944,160.022039,160.022102,160.022146,0.074,8,0,0
paralelo,500000000,8,2,160.302245,160.302337,160.302516,160.302535,0.226,8,0,0
paralelo,500000000,8,3,160.033938,160.033982,160.034114,160.034127,0.170,8,0,0
paralelo,50000000,1,1,2.091871,2.091871,2.091871,2.091947,0.000,1,0,0
paralelo,50000000,1,2,2.096552,2.096552,2.096552,2.096605,0.000,1,0,0
paralelo,50000000,1,3,2.107369,2.107369,2.107369,2.107703,0.000,1,0,0
paralelo,50000000,2,1,5.513358,5.664526,5.815695,5.815709,0.048,2,0,0
paralelo,50000000,2,2,5.015123,5.417526,5.819929,5.820000,0.002,2,0,0
paralelo,50000000,2,3,4.028498,4.179565,4.330633,4.331267,0.004,2,0,0
paralelo,50000000,4,1,8.045750,8.045769,8.045787,8.045812,0.041,4,0,0
paralelo,50000000,4,2,8.005230,8.005410,8.005572,8.005611,0.055,4,0,0
paralelo,50000000,4,3,8.041658,8.041728,8.041832,8.041865,0.173,4,0,0
paralelo,50000000,8,1,16.012118,16.012407,16.012507,16.012549,0.084,8,0,0
paralelo,50000000,8,2,15.996102,16.008721,16.096854,16.096868,0.054,8,0,0
paralelo,50000000,8,3,16.046241,16.046381,16.046438,16.046455,0.059,8,0,0
paralelo,5000000,1,1,0.283141,0.283141,0.283141,0.283177,0.000,1,0,0
paralelo,5000000,1,2,0.283916,0.283916,0.283916,0.284001,0.000,1,0,0
paralelo,5000000,1,3,0.283009,0.283009,0.283009,0.283100,0.000,1,0,0
paralelo,5000000,2,1,0.485736,0.485742,0.485748,0.485762,0.013,2,0,0
paralelo,5000000,2,2,0.485354,0.485361,0.485368,0.485406,0.037,2,0,0
paralelo,5000000,2,3,0.484336,0.484355,0.484373,0.484410,0.037,2,0,0
paralelo,5000000,4,1,0.888270,0.888297,0.888336,0.888343,0.066,4,0,0
paralelo,5000000,4,2,0.887225,0.887230,0.887238,0.887254,0.013,4,0,0
paralelo,5000000,4,3,0.897494,0.897649,0.897781,0.897857,0.050,4,0,0
paralelo,5000000,8,1,1.607358,1.607903,1.608484,1.609922,1.442,8,0,0
paralelo,5000000,8,2,1.700258,1.700420,1.700551,1.700611,0.100,8,0,0
paralelo,5000000,8,3,1.598288,1.648839,1.699956,1.700078,0.105,8,0,0
pool,500000000,1,1,20.701287,20.701287,20.701287,20.701410,0.000,1,0,0
pool,500000000,1,2,36.689722,36.689722,36.689722,36.689847,0.000,1,0,0
pool,500000000,1,3,29.735982,29.735982,29.735982,29.736051,0.000,1,0,0
pool,500000000,2,1,44.784032,44.934826,45.085620,45.085695,0.050,2,0,0
pool,500000000,2,2,43.663306,43.763896,43.864487,43.864551,0.008,2,0,0
pool,500000000,2,3,42.634585,42.886633,43.138680,43.138761,0.059,2,0,0
pool,500000000,4,1,37.632468,59.887142,80.779476,80.779530,0.033,2,0,0
pool,500000000,4,2,40.009193,62.385951,83.203262,83.204684,0.024,2,0,0
pool,500000000,4,3,39.300753,60.886662,83.227237,83.227782,0.524,2,0,0
pool,500000000,8,1,38.039702,101.532742,163.727843,163.728546,0.064,2,0,0
pool,500000000,8,2,40.161464,101.817274,163.804015,163.804142,0.111,2,0,0
pool,500000000,8,3,36.370817,100.268280,162.762757,162.762824,0.075,2,0,0
pool,50000000,1,1,2.115785,2.115785,2.115785,2.115846,0.000,1,0,0
pool,50000000,1,2,2.092592,2.092592,2.092592,2.092664,0.000,1,0,0
pool,50000000,1,3,2.093189,2.093189,2.093189,2.093280,0.000,1,0,0
pool,50000000,2,1,3.907926,4.813883,5.719841,5.719857,0.059,2,0,0
pool,50000000,2,2,4.005686,4.005785,4.005884,4.005910,0.070,2,0,0
pool,50000000,2,3,4.040736,4.040755,4.040774,4.040789,0.038,2,0,0
pool,50000000,4,1,3.912877,6.027267,8.040906,8.040932,0.014,2,0,0
pool,50000000,4,2,4.009106,6.123292,8.438664,8.438695,0.016,2,0,0
pool,50000000,4,3,4.009098,6.275496,8.642566,8.642584,0.049,2,0,0
pool,50000000,8,1,4.044184,10.315872,16.080988,16.081041,0.053,2,0,0
pool,50000000,8,2,4.093376,10.062225,16.048953,16.049009,0.073,2,0,0
pool,50000000,8,3,4.060905,10.044537,16.073334,16.073478,0.159,2,0,0
pool,5000000,1,1,0.284362,0.284362,0.284362,0.284405,0.000,1,0,0
pool,5000000,1,2,0.284034,0.284034,0.284034,0.284064,0.000,1,0,0
pool,5000000,1,3,0.284117,0.284117,0.284117,0.284183,0.000,1,0,0
pool,5000000,2,1,0.484277,0.484292,0.484307,0.484337,0.030,2,0,0
pool,5000000,2,2,0.484280,0.484293,0.484305,0.484329,0.026,2,0,0
pool,5000000,2,3,0.483556,0.483559,0.483561,0.483613,0.011,2,0,0
pool,5000000,4,1,0.486393,0.687575,0.888756,0.888774,0.019,2,0,0
pool,5000000,4,2,0.487128,0.688590,0.890054,0.890089,0.044,2,0,0
pool,5000000,4,3,0.485589,0.687245,0.888904,0.888928,0.017,2,0,0
pool,5000000,8,1,0.486754,1.093161,1.699585,1.699632,0.066,2,0,0
pool,5000000,8,2,0.488108,1.093578,1.698860,1.698894,0.043,2,0,0
pool,5000000,8,3,0.488332,1.094502,1.700709,1.700770,0.064,2,0,0
sequencial,500000000,1,1,30.267274,30.267274,30.267274,30.267392,0.000,1,0,0
sequencial,500000000,1,2,29.712641,29.712641,29.712641,29.712739,0.000,1,0,0
sequencial,500000000,1,3,27.328348,27.328348,27.328348,27.328506,0.000,1,0,0
sequencial,500000000,2,1,34.090525,48.858429,63.626333,63.626483,0.142,1,0,0
sequencial,500000000,2,2,23.723553,38.005707,52.287861,52.287962,0.029,1,0,0
sequencial,500000000,2,3,20.997452,34.931397,48.865343,48.865461,0.109,1,0,0
sequencial,500000000,4,1,29.584018,72.217369,117.154946,117.154981,0.060,1,0,0
sequencial,500000000,4,2,31.291044,74.172807,112.723659,112.723681,0.015,1,0,0
sequencial,500000000,4,3,30.415733,69.849122,107.051655,107.051926,0.317,1,0,0
sequencial,500000000,8,1,30.475979,123.340782,222.245161,222.245281,0.134,1,0,0
sequencial,500000000,8,2,30.273504,130.936052,222.116412,222.116475,0.054,1,0,0
sequencial,500000000,8,3,28.902435,121.674981,223.434404,223.434636,1.129,1,0,0
sequencial,50000000,1,1,2.092294,2.092294,2.092294,2.092382,0.000,1,0,0
sequencial,50000000,1,2,4.004141,4.004141,4.004141,4.004221,0.000,1,0,0
sequencial,50000000,1,3,2.098565,2.098565,2.098565,2.098641,0.000,1,0,0
sequencial,50000000,2,1,2.095047,3.150656,4.206265,4.206302,0.007,1,0,0
sequencial,50000000,2,2,2.396133,4.300849,6.205565,6.205585,0.043,1,0,0
sequencial,50000000,2,3,2.095209,3.101682,4.108155,4.108225,0.037,1,0,0
sequencial,50000000,4,1,2.103585,5.173334,8.243549,8.243589,0.017,1,0,0
sequencial,50000000,4,2,3.221352,6.314871,9.417948,9.418061,0.014,1,0,0
sequencial,50000000,4,3,2.102529,5.177117,8.250969,8.250996,0.035,1,0,0
sequencial,50000000,8,1,2.105035,9.268579,16.457484,16.457556,0.118,1,0,0
sequencial,50000000,8,2,2.209817,10.993341,18.363667,18.363709,0.073,1,0,0
sequencial,50000000,8,3,2.412191,9.430063,16.572164,16.572190,0.068,1,0,0
sequencial,5000000,1,1,0.283037,0.283037,0.283037,0.283150,0.000,1,0,0
sequencial,5000000,1,2,0.283834,0.283834,0.283834,0.283913,0.000,1,0,0
sequencial,5000000,1,3,0.283160,0.283160,0.283160,0.283261,0.000,1,0,0
sequencial,5000000,2,1,0.283391,0.383961,0.484531,0.484550,0.037,1,0,0
sequencial,5000000,2,2,0.283475,0.384010,0.484546,0.484557,0.050,1,0,0
sequencial,5000000,2,3,0.285748,0.386280,0.486812,0.486864,0.024,1,0,0
sequencial,5000000,4,1,0.285111,0.587154,0.889292,0.889341,0.028,1,0,0
sequencial,5000000,4,2,0.285247,0.587567,0.889811,0.889828,0.032,1,0,0
sequencial,5000000,4,3,0.284142,0.586080,0.888503,0.888537,0.050,1,0,0
sequencial,5000000,8,1,0.287354,0.994049,1.701212,1.701266,0.090,1,0,0
sequencial,5000000,8,2,0.290885,1.004666,1.718222,1.718253,0.065,1,0,0
sequencial,5000000,8,3,0.288139,0.996128,1.703482,1.703756,0.217,1,0,0
