arquitetura,bytes,clientes,amostras,min_s,media_s,max_s
bittorrent,5000000,1,3,14.097085,14.190900,14.290992
bittorrent,5000000,2,6,14.000592,14.214931,14.437641
bittorrent,5000000,4,12,14.203944,14.528666,14.863966
bittorrent,5000000,8,24,14.749654,15.284954,15.561955
bittorrent,50000000,1,3,23.613304,24.372092,25.518410
bittorrent,50000000,2,6,24.178452,24.727906,25.647825
bittorrent,50000000,4,12,24.028837,24.841628,25.751335
bittorrent,50000000,8,24,28.283491,29.121244,29.601386
bittorrent,500000000,1,3,78.133877,94.811352,103.430754
bittorrent,500000000,2,6,59.609033,60.735815,63.625572
bittorrent,500000000,4,12,44.197923,47.493978,54.757752
bittorrent,500000000,8,24,47.391920,48.464330,49.256031
paralelo,5000000,1,3,0.283009,0.283356,0.283916
paralelo,5000000,2,6,0.484336,0.485152,0.485748
paralelo,5000000,4,12,0.887225,0.891059,0.897781
paralelo,5000000,8,24,1.598288,1.652388,1.700551
paralelo,50000000,1,3,2.091871,2.098597,2.107369
paralelo,50000000,2,6,4.028498,5.087206,5.819929
paralelo,50000000,4,12,8.005230,8.030969,8.045787
paralelo,50000000,8,24,15.996102,16.022503,16.096854
paralelo,500000000,1,3,23.115128,26.562721,28.536864
paralelo,500000000,2,6,38.010094,41.631811,44.034346
paralelo,500000000,4,12,79.681278,79.991698,80.085326
paralelo,500000000,8,24,160.021944,160.119453,160.302516
pool,5000000,1,3,0.284034,0.284171,0.284362
pool,5000000,2,6,0.483556,0.484048,0.484307
pool,5000000,4,12,0.485589,0.687803,0.890054
pool,5000000,8,24,0.486754,1.093747,1.700709
pool,50000000,1,3,2.092592,2.100522,2.115785
pool,50000000,2,6,3.907926,4.286808,5.719841
pool,50000000,4,12,3.912877,6.142018,8.642566
pool,50000000,8,24,4.044184,10.140878,16.080988
pool,500000000,1,3,20.701287,29.042330,36.689722
pool,500000000,2,6,42.634585,43.861785,45.085620
pool,500000000,4,12,37.632468,61.053251,83.227237
pool,500000000,8,24,36.370817,101.206099,163.804015
sequencial,5000000,1,3,0.283037,0.283344,0.283834
sequencial,5000000,2,6,0.283391,0.384750,0.486812
sequencial,5000000,4,12,0.284142,0.586933,0.889811
sequencial,5000000,8,24,0.287354,0.998281,1.718222
sequencial,50000000,1,3,2.092294,2.731667,4.004141
sequencial,50000000,2,6,2.095047,3.517729,6.205565
sequencial,50000000,4,12,2.102529,5.555107,9.417948
sequencial,50000000,8,24,2.105035,9.897327,18.363667
sequencial,500000000,1,3,27.328348,29.102755,30.267274
sequencial,500000000,2,6,20.997452,40.598511,63.626333
sequencial,500000000,4,12,29.584018,72.079766,117.154946
sequencial,500000000,8,24,28.902435,125.317272,223.434404
